TaskID,ProjectID,ProjectDiscipline,Status,Description,Location,Created,Target,Actual,Delay,Priority,Overdue,RootCause,Risk,Hours,Comments,AssignedTo,TeamCapacityHours
T-1001,PRJ021,PRJ-MEP,Closed,Underground Utilities,Lobby,07/04/2024,07/22/2024,07/24/2024,2.0,High,True,Labor Shortage,Low,106.7,Delay of 2 day(s) associated with labor shortage,Rajan Mehta,40
T-1002,PRJ094,PRJ-INT,In Progress,Plumbing Work,North Wing,11/22/2025,11/26/2025,,3.0,Medium,False,Weather Delay,Medium,52.3,Delay of 3 day(s) associated with weather delay,Asha Verma,40
T-1003,PRJ050,PRJ-ARC,On Hold,Flooring Work,Roof,11/13/2024,12/06/2024,,-5.0,High,False,None,Low,15.0,Completed 5 day(s) ahead of schedule,Dev Kapoor,40
T-1004,PRJ085,PRJ-INT,Closed,Painting and Finishes,Basement,04/20/2025,05/20/2025,05/13/2025,-7.0,Medium,False,None,Low,22.0,Completed 7 day(s) ahead of schedule,Priya Nair,40
T-1005,PRJ053,PRJ-MEP,Open,Concrete Work,Mechanical,05/24/2025,06/15/2025,,3.0,Low,False,Weather Delay,Medium,117.6,Delay of 3 day(s) associated with weather delay,Suresh Kumar,40
T-1006,PRJ061,PRJ-SITE,Closed,Site Preparation,North Wing,04/28/2025,05/24/2025,05/17/2025,-7.0,High,False,None,Low,63.0,Completed 7 day(s) ahead of schedule,Meena Pillai,30
T-1007,PRJ017,PRJ-INT,In Progress,Underground Utilities,South Facade,03/15/2025,03/24/2025,,4.0,High,False,Material Delay,High,52.5,Delay of 4 day(s) associated with material delay,Arjun Desai,40
T-1008,PRJ034,PRJ-STR,Open,Curtain Wall Installation,Grid A5,12/16/2024,01/15/2025,,1.0,High,False,Labor Shortage,Low,124.3,Delay of 1 day(s) associated with labor shortage,Lakshmi Iyer,40
T-1009,PRJ073,PRJ-SITE,Open,Electrical Installation,Lobby,04/17/2025,05/05/2025,,-1.0,Low,False,None,Medium,113.0,Completed 1 day(s) ahead of schedule,Rajan Mehta,40
T-1010,PRJ085,PRJ-INT,Closed,Concrete Work,North Wing,10/22/2025,11/12/2025,11/16/2025,4.0,Medium,True,Equipment Failure,Medium,75.7,Delay of 4 day(s) associated with equipment failure,Asha Verma,40
T-1011,PRJ009,PRJ-ARC,Open,Underground Utilities,North Wing,10/11/2024,11/04/2024,,0.0,Medium,False,None,Medium,66.2,Completed on schedule,Dev Kapoor,40
T-1012,PRJ008,PRJ-ARC,In Progress,Structural Installation,West Yard,01/07/2025,01/27/2025,,-5.0,High,False,None,Medium,71.0,Completed 5 day(s) ahead of schedule,Priya Nair,40
T-1013,PRJ070,PRJ-MEP,Open,Structural Installation,Roof,05/11/2024,05/22/2024,,0.0,Medium,False,None,Medium,81.8,Completed on schedule,Suresh Kumar,40
T-1014,PRJ045,PRJ-STR,In Progress,Concrete Work,North Wing,09/16/2024,10/06/2024,,7.0,High,False,Material Delay,High,123.0,Delay of 7 day(s) associated with material delay,Meena Pillai,30
T-1015,PRJ085,PRJ-SITE,In Progress,Plumbing Work,Mechanical,07/17/2025,08/07/2025,,3.0,Medium,False,Design Revision,Low,87.7,Delay of 3 day(s) associated with design revision,Arjun Desai,40
T-1016,PRJ007,PRJ-ARC,In Progress,Plumbing Work,Mechanical,04/12/2025,05/09/2025,,-1.0,Low,False,None,Low,96.8,Completed 1 day(s) ahead of schedule,Lakshmi Iyer,40
T-1017,PRJ035,PRJ-MEP,In Progress,Painting and Finishes,Basement,06/03/2024,06/19/2024,,6.0,Medium,False,Labor Shortage,Medium,110.1,Delay of 6 day(s) associated with labor shortage,Rajan Mehta,40
T-1018,PRJ004,PRJ-SITE,Open,Painting and Finishes,Basement,02/02/2025,02/19/2025,,3.0,Low,False,Crane Breakdown,High,39.9,Delay of 3 day(s) associated with crane breakdown,Asha Verma,40
T-1019,PRJ071,PRJ-ARC,Closed,Curtain Wall Installation,Grid A5,08/15/2025,09/01/2025,08/25/2025,-7.0,High,False,None,Low,97.6,Completed 7 day(s) ahead of schedule,Dev Kapoor,40
T-1020,PRJ086,PRJ-ARC,In Progress,HVAC Installation,Roof,03/31/2024,04/06/2024,,-4.0,Medium,False,None,Medium,66.2,Completed 4 day(s) ahead of schedule,Priya Nair,40
T-1021,PRJ016,PRJ-STR,Closed,Curtain Wall Installation,Lobby,02/15/2024,02/20/2024,02/23/2024,3.0,High,True,Approval Delay,High,15.0,Delay of 3 day(s) associated with approval delay,Suresh Kumar,40
T-1022,PRJ033,PRJ-ARC,Open,Electrical Installation,Roof,10/13/2024,10/16/2024,,1.0,Medium,False,Approval Delay,Medium,15.0,Delay of 1 day(s) associated with approval delay,Meena Pillai,30
T-1023,PRJ085,PRJ-INT,Open,HVAC Installation,West Yard,04/24/2025,05/15/2025,,2.0,High,False,Design Revision,High,44.5,Delay of 2 day(s) associated with design revision,Arjun Desai,40
T-1024,PRJ005,PRJ-STR,Open,Painting and Finishes,North Wing,08/16/2024,08/30/2024,,5.0,High,False,Weather Delay,Medium,90.9,Delay of 5 day(s) associated with weather delay,Lakshmi Iyer,40
T-1025,PRJ096,PRJ-INT,In Progress,Underground Utilities,North Wing,08/22/2025,09/18/2025,,4.0,High,False,Crane Breakdown,Medium,78.4,Delay of 4 day(s) associated with crane breakdown,Rajan Mehta,40
T-1026,PRJ089,PRJ-STR,In Progress,Plumbing Work,West Yard,09/10/2025,10/02/2025,,2.0,Low,False,Weather Delay,Low,80.5,Delay of 2 day(s) associated with weather delay,Asha Verma,40
T-1027,PRJ016,PRJ-STR,Closed,Flooring Work,Mechanical,01/23/2025,01/29/2025,02/01/2025,3.0,Medium,True,Crane Breakdown,High,133.5,Delay of 3 day(s) associated with crane breakdown,Dev Kapoor,40
T-1028,PRJ014,PRJ-ARC,In Progress,Curtain Wall Installation,Roof,10/03/2024,10/08/2024,,3.0,Low,False,Site Constraint,Low,36.9,Delay of 3 day(s) associated with site constraint,Priya Nair,40
T-1029,PRJ070,PRJ-MEP,In Progress,Curtain Wall Installation,West Yard,01/31/2024,02/13/2024,,4.0,Low,False,Design Revision,Medium,74.2,Delay of 4 day(s) associated with design revision,Suresh Kumar,40
T-1030,PRJ002,PRJ-INT,In Progress,Electrical Installation,West Yard,08/22/2025,09/19/2025,,1.0,Medium,False,Equipment Failure,Medium,84.1,Delay of 1 day(s) associated with equipment failure,Meena Pillai,30
T-1031,PRJ051,PRJ-STR,Open,Painting and Finishes,Mechanical,10/15/2025,10/19/2025,,-3.0,Medium,False,None,Medium,52.9,Completed 3 day(s) ahead of schedule,Arjun Desai,40
T-1032,PRJ007,PRJ-ARC,In Progress,Concrete Work,Grid A5,11/18/2024,11/26/2024,,1.0,High,False,Labor Shortage,Medium,75.8,Delay of 1 day(s) associated with labor shortage,Lakshmi Iyer,40
T-1033,PRJ054,PRJ-ARC,In Progress,Concrete Work,West Yard,01/12/2025,01/15/2025,,-6.0,Medium,False,None,Medium,27.0,Completed 6 day(s) ahead of schedule,Rajan Mehta,40
T-1034,PRJ036,PRJ-MEP,In Progress,Structural Installation,Mechanical,07/04/2025,07/18/2025,,9.0,Medium,False,Design Revision,High,117.3,Delay of 9 day(s) associated with design revision,Asha Verma,40
T-1035,PRJ071,PRJ-STR,Open,Site Preparation,North Wing,05/22/2025,06/21/2025,,-4.0,Medium,False,None,Medium,54.6,Completed 4 day(s) ahead of schedule,Dev Kapoor,40
T-1036,PRJ089,PRJ-STR,Closed,Structural Installation,Mechanical,04/08/2024,04/30/2024,05/05/2024,5.0,Low,True,Approval Delay,Medium,135.9,Delay of 5 day(s) associated with approval delay,Priya Nair,40
T-1037,PRJ049,PRJ-STR,On Hold,Underground Utilities,Basement,05/05/2025,05/21/2025,,0.0,Low,False,None,Low,74.0,Completed on schedule,Suresh Kumar,40
T-1038,PRJ065,PRJ-STR,Open,Flooring Work,North Wing,11/05/2025,11/12/2025,,1.0,Medium,False,Crane Breakdown,Medium,105.8,Delay of 1 day(s) associated with crane breakdown,Meena Pillai,30
T-1039,PRJ061,PRJ-SITE,Closed,Curtain Wall Installation,South Facade,07/02/2025,07/14/2025,07/12/2025,-2.0,Low,False,None,Medium,73.4,Completed 2 day(s) ahead of schedule,Arjun Desai,40
T-1040,PRJ099,PRJ-INT,Closed,HVAC Installation,North Wing,12/16/2024,01/02/2025,12/30/2024,-3.0,Medium,False,None,Low,74.1,Completed 3 day(s) ahead of schedule,Lakshmi Iyer,40
T-1041,PRJ024,PRJ-ARC,In Progress,Structural Installation,North Wing,01/16/2025,01/26/2025,,4.0,Medium,False,Site Constraint,Low,57.5,Delay of 4 day(s) associated with site constraint,Rajan Mehta,40
T-1042,PRJ024,PRJ-SITE,Closed,Plumbing Work,West Yard,07/08/2024,07/30/2024,08/03/2024,4.0,High,True,Equipment Failure,Medium,78.6,Delay of 4 day(s) associated with equipment failure,Asha Verma,40
T-1043,PRJ038,PRJ-SITE,Closed,Structural Installation,West Yard,04/27/2025,05/27/2025,05/28/2025,1.0,Medium,True,Equipment Failure,Medium,84.5,Delay of 1 day(s) associated with equipment failure,Dev Kapoor,40
T-1044,PRJ074,PRJ-INT,On Hold,Underground Utilities,Basement,06/25/2024,07/03/2024,,3.0,Medium,False,Site Constraint,Medium,51.5,Delay of 3 day(s) associated with site constraint,Priya Nair,40
T-1045,PRJ087,PRJ-MEP,On Hold,Curtain Wall Installation,Mechanical,09/06/2024,09/16/2024,,3.0,High,False,Material Delay,Low,71.2,Delay of 3 day(s) associated with material delay,Suresh Kumar,40
T-1046,PRJ028,PRJ-MEP,Open,Site Preparation,South Facade,07/12/2024,07/18/2024,,-0.0,High,False,None,Low,56.7,Completed on schedule,Meena Pillai,30
T-1047,PRJ011,PRJ-STR,In Progress,Site Preparation,Mechanical,09/01/2024,09/24/2024,,-1.0,Medium,False,None,Low,144.0,Completed 1 day(s) ahead of schedule,Arjun Desai,40
T-1048,PRJ061,PRJ-ARC,In Progress,Concrete Work,West Yard,09/24/2024,10/09/2024,,1.0,Medium,False,Weather Delay,Medium,72.3,Delay of 1 day(s) associated with weather delay,Lakshmi Iyer,40
T-1049,PRJ060,PRJ-MEP,Open,Plumbing Work,Basement,03/01/2024,03/11/2024,,-0.0,Medium,False,None,High,121.4,Completed on schedule,Rajan Mehta,40
T-1050,PRJ038,PRJ-INT,In Progress,Electrical Installation,West Yard,06/07/2025,06/16/2025,,3.0,Low,False,Design Revision,Low,69.1,Delay of 3 day(s) associated with design revision,Asha Verma,40
T-1051,PRJ019,PRJ-MEP,On Hold,Curtain Wall Installation,Lobby,11/17/2024,11/21/2024,,11.0,Low,False,Site Constraint,Medium,82.8,Delay of 11 day(s) associated with site constraint,Dev Kapoor,40
T-1052,PRJ085,PRJ-ARC,Open,Painting and Finishes,Basement,11/24/2025,12/10/2025,,-3.0,Low,False,None,Low,35.4,Completed 3 day(s) ahead of schedule,Priya Nair,40
T-1053,PRJ085,PRJ-STR,In Progress,Site Preparation,Roof,05/12/2024,06/03/2024,,-7.0,High,False,None,Low,61.6,Completed 7 day(s) ahead of schedule,Suresh Kumar,40
T-1054,PRJ075,PRJ-ARC,Closed,Curtain Wall Installation,South Facade,05/03/2025,05/12/2025,05/12/2025,-0.0,Medium,False,None,Low,81.3,Completed on schedule,Meena Pillai,30
T-1055,PRJ058,PRJ-SITE,In Progress,Underground Utilities,Lobby,05/10/2024,05/13/2024,,-2.0,Medium,False,None,Low,122.6,Completed 2 day(s) ahead of schedule,Arjun Desai,40
T-1056,PRJ027,PRJ-ARC,In Progress,Painting and Finishes,South Facade,02/03/2025,02/19/2025,,-1.0,High,False,None,Medium,81.7,Completed 1 day(s) ahead of schedule,Lakshmi Iyer,40
T-1057,PRJ041,PRJ-ARC,On Hold,HVAC Installation,Roof,12/24/2024,01/14/2025,,11.0,Medium,False,Material Delay,High,116.5,Delay of 11 day(s) associated with material delay,Rajan Mehta,40
T-1058,PRJ007,PRJ-STR,In Progress,Flooring Work,West Yard,11/23/2024,12/05/2024,,1.0,Medium,False,Approval Delay,Low,94.2,Delay of 1 day(s) associated with approval delay,Asha Verma,40
T-1059,PRJ025,PRJ-ARC,Open,Underground Utilities,Lobby,04/22/2025,05/02/2025,,2.0,Low,False,Weather Delay,Medium,123.8,Delay of 2 day(s) associated with weather delay,Dev Kapoor,40
T-1060,PRJ046,PRJ-ARC,Open,Electrical Installation,Lobby,08/27/2025,09/03/2025,,-1.0,Low,False,None,Medium,73.2,Completed 1 day(s) ahead of schedule,Priya Nair,40
T-1061,PRJ044,PRJ-MEP,On Hold,HVAC Installation,Basement,08/19/2024,09/11/2024,,11.0,Medium,False,Site Constraint,High,146.7,Delay of 11 day(s) associated with site constraint,Suresh Kumar,40
T-1062,PRJ009,PRJ-MEP,In Progress,Structural Installation,South Facade,09/12/2025,10/09/2025,,-1.0,Medium,False,None,Medium,60.4,Completed 1 day(s) ahead of schedule,Meena Pillai,30
T-1063,PRJ096,PRJ-ARC,In Progress,Concrete Work,North Wing,05/14/2024,06/07/2024,,-6.0,Medium,False,None,Low,52.0,Completed 6 day(s) ahead of schedule,Arjun Desai,40
T-1064,PRJ027,PRJ-STR,Open,Underground Utilities,Mechanical,08/01/2024,08/18/2024,,-3.0,High,False,None,Medium,38.7,Completed 3 day(s) ahead of schedule,Lakshmi Iyer,40
T-1065,PRJ051,PRJ-INT,In Progress,Curtain Wall Installation,Grid A5,08/14/2024,09/06/2024,,3.0,Medium,False,Approval Delay,Low,144.9,Delay of 3 day(s) associated with approval delay,Rajan Mehta,40
T-1066,PRJ047,PRJ-ARC,On Hold,HVAC Installation,South Facade,11/26/2025,12/10/2025,,7.0,Medium,False,Weather Delay,High,99.6,Delay of 7 day(s) associated with weather delay,Asha Verma,40
T-1067,PRJ047,PRJ-SITE,In Progress,Flooring Work,North Wing,03/27/2024,03/30/2024,,-6.0,Medium,False,None,Low,65.0,Completed 6 day(s) ahead of schedule,Dev Kapoor,40
T-1068,PRJ085,PRJ-INT,On Hold,Electrical Installation,Mechanical,10/15/2024,10/28/2024,,9.0,Medium,False,Material Delay,Medium,112.5,Delay of 9 day(s) associated with material delay,Priya Nair,40
T-1069,PRJ075,PRJ-MEP,In Progress,Curtain Wall Installation,West Yard,11/05/2024,11/27/2024,,-7.0,Low,False,None,Low,95.6,Completed 7 day(s) ahead of schedule,Suresh Kumar,40
T-1070,PRJ087,PRJ-SITE,In Progress,Site Preparation,South Facade,08/07/2025,08/28/2025,,3.0,Medium,False,Approval Delay,Medium,134.0,Delay of 3 day(s) associated with approval delay,Meena Pillai,30
T-1071,PRJ038,PRJ-STR,Closed,Site Preparation,Mechanical,12/20/2024,01/19/2025,01/18/2025,-1.0,Low,False,None,High,28.6,Completed 1 day(s) ahead of schedule,Arjun Desai,40
T-1072,PRJ027,PRJ-INT,In Progress,Painting and Finishes,Mechanical,12/06/2025,01/05/2026,,1.0,Medium,False,Design Revision,Medium,67.0,Delay of 1 day(s) associated with design revision,Lakshmi Iyer,40
T-1073,PRJ043,PRJ-STR,In Progress,Flooring Work,Mechanical,06/24/2025,07/03/2025,,2.0,High,False,Crane Breakdown,Medium,61.1,Delay of 2 day(s) associated with crane breakdown,Rajan Mehta,40
T-1074,PRJ057,PRJ-INT,Closed,Site Preparation,Mechanical,05/28/2025,05/31/2025,06/04/2025,4.0,Low,True,Weather Delay,High,15.8,Delay of 4 day(s) associated with weather delay,Asha Verma,40
T-1075,PRJ034,PRJ-ARC,In Progress,Underground Utilities,North Wing,07/03/2025,07/13/2025,,4.0,Low,False,Labor Shortage,High,106.8,Delay of 4 day(s) associated with labor shortage,Dev Kapoor,40
T-1076,PRJ047,PRJ-INT,In Progress,Structural Installation,Mechanical,04/27/2024,05/24/2024,,0.0,Medium,False,None,Low,66.9,Completed on schedule,Priya Nair,40
T-1077,PRJ016,PRJ-SITE,On Hold,Painting and Finishes,North Wing,11/23/2024,12/18/2024,,6.0,Medium,False,Design Revision,Medium,97.2,Delay of 6 day(s) associated with design revision,Suresh Kumar,40
T-1078,PRJ059,PRJ-SITE,Open,Flooring Work,Mechanical,03/03/2025,03/08/2025,,-2.0,Medium,False,None,Medium,145.8,Completed 2 day(s) ahead of schedule,Meena Pillai,30
T-1079,PRJ072,PRJ-SITE,In Progress,Site Preparation,Mechanical,06/01/2024,06/08/2024,,7.0,Medium,False,Weather Delay,Medium,64.4,Delay of 7 day(s) associated with weather delay,Arjun Desai,40
T-1080,PRJ053,PRJ-ARC,Open,Painting and Finishes,Basement,03/27/2024,04/14/2024,,-7.0,High,False,None,Low,62.4,Completed 7 day(s) ahead of schedule,Lakshmi Iyer,40
T-1081,PRJ088,PRJ-ARC,In Progress,Electrical Installation,Basement,04/09/2024,04/30/2024,,0.0,Medium,False,None,Low,78.6,Completed on schedule,Rajan Mehta,40
T-1082,PRJ100,PRJ-MEP,Open,Underground Utilities,South Facade,07/30/2025,08/29/2025,,6.0,Medium,False,Site Constraint,High,104.6,Delay of 6 day(s) associated with site constraint,Asha Verma,40
T-1083,PRJ091,PRJ-SITE,Closed,HVAC Installation,Mechanical,04/24/2025,05/18/2025,05/20/2025,2.0,High,True,Crane Breakdown,High,58.0,Delay of 2 day(s) associated with crane breakdown,Dev Kapoor,40
T-1084,PRJ010,PRJ-STR,Open,Flooring Work,North Wing,07/24/2024,08/01/2024,,1.0,Low,False,Crane Breakdown,High,56.1,Delay of 1 day(s) associated with crane breakdown,Priya Nair,40
T-1085,PRJ089,PRJ-ARC,Closed,Concrete Work,Grid A5,06/22/2025,06/26/2025,07/04/2025,8.0,Low,True,Material Delay,High,106.7,Delay of 8 day(s) associated with material delay,Suresh Kumar,40
T-1086,PRJ034,PRJ-STR,In Progress,HVAC Installation,South Facade,05/22/2025,06/11/2025,,-2.0,Low,False,None,Medium,86.4,Completed 2 day(s) ahead of schedule,Meena Pillai,30
T-1087,PRJ046,PRJ-INT,In Progress,Structural Installation,West Yard,08/19/2025,09/06/2025,,-2.0,Medium,False,None,Medium,15.0,Completed 2 day(s) ahead of schedule,Arjun Desai,40
T-1088,PRJ042,PRJ-INT,In Progress,Curtain Wall Installation,North Wing,10/26/2025,11/23/2025,,-2.0,Medium,False,None,Medium,38.2,Completed 2 day(s) ahead of schedule,Lakshmi Iyer,40
T-1089,PRJ029,PRJ-ARC,Closed,Curtain Wall Installation,Grid A5,10/06/2025,10/25/2025,10/26/2025,1.0,Low,True,Crane Breakdown,Medium,120.0,Delay of 1 day(s) associated with crane breakdown,Rajan Mehta,40
T-1090,PRJ088,PRJ-ARC,In Progress,Plumbing Work,Grid A5,05/12/2024,05/29/2024,,3.0,Medium,False,Crane Breakdown,Medium,87.1,Delay of 3 day(s) associated with crane breakdown,Asha Verma,40
T-1091,PRJ064,PRJ-STR,In Progress,Electrical Installation,Mechanical,07/15/2025,07/26/2025,,2.0,Low,False,Design Revision,Low,52.1,Delay of 2 day(s) associated with design revision,Dev Kapoor,40
T-1092,PRJ097,PRJ-ARC,Closed,Structural Installation,Grid A5,10/13/2024,10/18/2024,10/16/2024,-2.0,Medium,False,None,Medium,69.9,Completed 2 day(s) ahead of schedule,Priya Nair,40
T-1093,PRJ096,PRJ-INT,In Progress,Curtain Wall Installation,West Yard,10/21/2024,11/17/2024,,1.0,Medium,False,Crane Breakdown,Low,75.4,Delay of 1 day(s) associated with crane breakdown,Suresh Kumar,40
T-1094,PRJ042,PRJ-STR,Open,Plumbing Work,Basement,04/17/2025,05/13/2025,,-1.0,Medium,False,None,Low,97.1,Completed 1 day(s) ahead of schedule,Meena Pillai,30
T-1095,PRJ073,PRJ-MEP,On Hold,Underground Utilities,Mechanical,03/15/2025,03/22/2025,,-1.0,Medium,False,None,Medium,34.3,Completed 1 day(s) ahead of schedule,Arjun Desai,40
T-1096,PRJ051,PRJ-MEP,In Progress,Electrical Installation,South Facade,11/02/2024,11/24/2024,,-1.0,Medium,False,None,Medium,49.8,Completed 1 day(s) ahead of schedule,Lakshmi Iyer,40
T-1097,PRJ050,PRJ-INT,Open,HVAC Installation,Lobby,12/30/2025,01/12/2026,,-3.0,Medium,False,None,Low,83.2,Completed 3 day(s) ahead of schedule,Rajan Mehta,40
T-1098,PRJ074,PRJ-INT,In Progress,Curtain Wall Installation,Grid A5,05/07/2024,05/22/2024,,3.0,Low,False,Approval Delay,High,72.0,Delay of 3 day(s) associated with approval delay,Asha Verma,40
T-1099,PRJ069,PRJ-SITE,Open,Painting and Finishes,North Wing,03/11/2024,04/06/2024,,6.0,Low,False,Crane Breakdown,High,92.2,Delay of 6 day(s) associated with crane breakdown,Dev Kapoor,40
T-1100,PRJ092,PRJ-INT,Open,Structural Installation,Mechanical,01/22/2024,02/17/2024,,-4.0,High,False,None,Low,38.1,Completed 4 day(s) ahead of schedule,Priya Nair,40
T-1101,PRJ078,PRJ-SITE,Closed,Structural Installation,West Yard,08/17/2025,08/25/2025,08/18/2025,-7.0,High,False,None,Low,85.7,Completed 7 day(s) ahead of schedule,Suresh Kumar,40
T-1102,PRJ063,PRJ-SITE,Open,Flooring Work,North Wing,10/23/2024,11/03/2024,,-6.0,Medium,False,None,Low,107.7,Completed 6 day(s) ahead of schedule,Meena Pillai,30
T-1103,PRJ092,PRJ-INT,Closed,Painting and Finishes,Roof,11/15/2024,12/10/2024,12/12/2024,2.0,Medium,True,Labor Shortage,Medium,89.6,Delay of 2 day(s) associated with labor shortage,Arjun Desai,40
T-1104,PRJ011,PRJ-MEP,On Hold,Electrical Installation,Lobby,04/18/2025,05/16/2025,,4.0,High,False,Equipment Failure,High,79.2,Delay of 4 day(s) associated with equipment failure,Lakshmi Iyer,40
T-1105,PRJ077,PRJ-ARC,Closed,Site Preparation,West Yard,11/13/2024,11/18/2024,11/15/2024,-3.0,High,False,None,Low,72.1,Completed 3 day(s) ahead of schedule,Rajan Mehta,40
T-1106,PRJ040,PRJ-MEP,Closed,Flooring Work,Basement,02/23/2025,03/21/2025,03/22/2025,1.0,Medium,True,Equipment Failure,Medium,50.0,Delay of 1 day(s) associated with equipment failure,Asha Verma,40
T-1107,PRJ044,PRJ-MEP,Closed,Electrical Installation,South Facade,02/12/2024,02/28/2024,02/21/2024,-7.0,Medium,False,None,Low,72.8,Completed 7 day(s) ahead of schedule,Dev Kapoor,40
T-1108,PRJ079,PRJ-INT,On Hold,Painting and Finishes,Grid A5,04/24/2024,05/13/2024,,-1.0,Medium,False,None,Low,112.8,Completed 1 day(s) ahead of schedule,Priya Nair,40
T-1109,PRJ028,PRJ-STR,In Progress,Underground Utilities,Mechanical,11/11/2025,11/16/2025,,10.0,Low,False,Equipment Failure,High,71.4,Delay of 10 day(s) associated with equipment failure,Suresh Kumar,40
T-1110,PRJ089,PRJ-STR,Open,Concrete Work,Roof,11/25/2024,12/17/2024,,-3.0,High,False,None,Low,48.3,Completed 3 day(s) ahead of schedule,Meena Pillai,30
T-1111,PRJ050,PRJ-INT,In Progress,Curtain Wall Installation,Roof,05/02/2024,05/23/2024,,-3.0,Medium,False,None,Low,60.2,Completed 3 day(s) ahead of schedule,Arjun Desai,40
T-1112,PRJ035,PRJ-ARC,In Progress,Concrete Work,Mechanical,09/26/2024,10/17/2024,,-1.0,Low,False,None,Medium,81.0,Completed 1 day(s) ahead of schedule,Lakshmi Iyer,40
T-1113,PRJ033,PRJ-INT,Open,Plumbing Work,Lobby,09/01/2024,09/26/2024,,-2.0,Medium,False,None,Medium,63.8,Completed 2 day(s) ahead of schedule,Rajan Mehta,40
T-1114,PRJ043,PRJ-STR,Closed,HVAC Installation,Mechanical,07/19/2024,08/17/2024,08/17/2024,-0.0,Medium,False,None,High,89.6,Completed on schedule,Asha Verma,40
T-1115,PRJ095,PRJ-INT,Open,Painting and Finishes,Lobby,08/02/2024,08/28/2024,,8.0,Low,False,Weather Delay,High,90.7,Delay of 8 day(s) associated with weather delay,Dev Kapoor,40
T-1116,PRJ011,PRJ-MEP,On Hold,Structural Installation,North Wing,06/16/2025,07/09/2025,,-1.0,High,False,None,Low,101.7,Completed 1 day(s) ahead of schedule,Priya Nair,40
T-1117,PRJ051,PRJ-INT,In Progress,HVAC Installation,Roof,03/18/2024,04/17/2024,,4.0,High,False,Site Constraint,Low,117.7,Delay of 4 day(s) associated with site constraint,Suresh Kumar,40
T-1118,PRJ084,PRJ-INT,Open,Curtain Wall Installation,Grid A5,08/14/2024,09/04/2024,,0.0,Medium,False,None,Medium,104.9,Completed on schedule,Meena Pillai,30
T-1119,PRJ048,PRJ-STR,Open,Flooring Work,North Wing,12/07/2024,12/28/2024,,-7.0,Medium,False,None,Low,47.0,Completed 7 day(s) ahead of schedule,Arjun Desai,40
T-1120,PRJ057,PRJ-INT,Open,Electrical Installation,Roof,01/29/2025,02/16/2025,,1.0,Medium,False,Crane Breakdown,High,47.9,Delay of 1 day(s) associated with crane breakdown,Lakshmi Iyer,40
T-1121,PRJ035,PRJ-INT,In Progress,Underground Utilities,West Yard,10/04/2025,10/28/2025,,-7.0,Medium,False,None,Medium,72.7,Completed 7 day(s) ahead of schedule,Rajan Mehta,40
T-1122,PRJ014,PRJ-SITE,Open,Plumbing Work,Roof,11/04/2025,11/08/2025,,-3.0,Medium,False,None,Low,61.5,Completed 3 day(s) ahead of schedule,Asha Verma,40
T-1123,PRJ064,PRJ-SITE,In Progress,Plumbing Work,Grid A5,08/05/2024,08/22/2024,,3.0,Low,False,Crane Breakdown,High,40.9,Delay of 3 day(s) associated with crane breakdown,Dev Kapoor,40
T-1124,PRJ092,PRJ-INT,Open,Plumbing Work,North Wing,01/28/2025,02/11/2025,,-0.0,Medium,False,None,Low,61.7,Completed on schedule,Priya Nair,40
T-1125,PRJ053,PRJ-STR,In Progress,Concrete Work,Lobby,01/17/2024,02/14/2024,,-5.0,Low,False,None,Medium,60.8,Completed 5 day(s) ahead of schedule,Suresh Kumar,40
T-1126,PRJ044,PRJ-STR,In Progress,Curtain Wall Installation,Basement,03/26/2025,03/31/2025,,4.0,Medium,False,Approval Delay,Medium,54.8,Delay of 4 day(s) associated with approval delay,Meena Pillai,30
T-1127,PRJ013,PRJ-INT,In Progress,Concrete Work,South Facade,04/21/2024,05/12/2024,,3.0,Medium,False,Crane Breakdown,Medium,65.5,Delay of 3 day(s) associated with crane breakdown,Arjun Desai,40
T-1128,PRJ095,PRJ-MEP,In Progress,Underground Utilities,Grid A5,02/23/2024,03/02/2024,,8.0,Low,False,Design Revision,Medium,110.4,Delay of 8 day(s) associated with design revision,Lakshmi Iyer,40
T-1129,PRJ087,PRJ-MEP,Open,Painting and Finishes,North Wing,05/05/2025,06/01/2025,,1.0,Low,False,Design Revision,Medium,81.0,Delay of 1 day(s) associated with design revision,Rajan Mehta,40
T-1130,PRJ091,PRJ-INT,Open,Painting and Finishes,North Wing,05/10/2024,06/05/2024,,10.0,Medium,False,Crane Breakdown,High,149.2,Delay of 10 day(s) associated with crane breakdown,Asha Verma,40
T-1131,PRJ036,PRJ-INT,Open,Structural Installation,South Facade,12/14/2024,12/23/2024,,-0.0,Low,False,None,High,80.1,Completed on schedule,Dev Kapoor,40
T-1132,PRJ063,PRJ-INT,Closed,Site Preparation,Mechanical,03/14/2024,04/10/2024,04/11/2024,1.0,High,True,Crane Breakdown,Medium,66.3,Delay of 1 day(s) associated with crane breakdown,Priya Nair,40
T-1133,PRJ044,PRJ-MEP,On Hold,Painting and Finishes,Grid A5,06/28/2025,07/14/2025,,-1.0,Medium,False,None,Low,75.1,Completed 1 day(s) ahead of schedule,Suresh Kumar,40
T-1134,PRJ024,PRJ-ARC,On Hold,Concrete Work,Basement,07/12/2025,08/11/2025,,-1.0,Medium,False,None,Medium,82.7,Completed 1 day(s) ahead of schedule,Meena Pillai,30
T-1135,PRJ021,PRJ-STR,In Progress,Plumbing Work,Lobby,02/23/2025,03/18/2025,,1.0,Medium,False,Labor Shortage,High,88.1,Delay of 1 day(s) associated with labor shortage,Arjun Desai,40
T-1136,PRJ039,PRJ-MEP,In Progress,Underground Utilities,Roof,09/02/2025,09/05/2025,,3.0,Low,False,Equipment Failure,Low,137.3,Delay of 3 day(s) associated with equipment failure,Lakshmi Iyer,40
T-1137,PRJ056,PRJ-ARC,In Progress,Site Preparation,West Yard,11/14/2024,11/22/2024,,-3.0,High,False,None,Medium,49.6,Completed 3 day(s) ahead of schedule,Rajan Mehta,40
T-1138,PRJ013,PRJ-ARC,Closed,Site Preparation,North Wing,05/16/2024,05/30/2024,06/01/2024,2.0,Medium,True,Crane Breakdown,Medium,100.8,Delay of 2 day(s) associated with crane breakdown,Asha Verma,40
T-1139,PRJ071,PRJ-MEP,Closed,Site Preparation,North Wing,04/20/2024,04/28/2024,04/21/2024,-7.0,High,False,None,Low,81.2,Completed 7 day(s) ahead of schedule,Dev Kapoor,40
T-1140,PRJ046,PRJ-MEP,Closed,Underground Utilities,Roof,06/09/2024,06/15/2024,06/08/2024,-7.0,Low,False,None,Medium,27.9,Completed 7 day(s) ahead of schedule,Priya Nair,40
T-1141,PRJ089,PRJ-ARC,Closed,HVAC Installation,Grid A5,05/26/2024,06/25/2024,06/28/2024,3.0,Medium,True,Site Constraint,Low,98.1,Delay of 3 day(s) associated with site constraint,Suresh Kumar,40
T-1142,PRJ028,PRJ-INT,In Progress,Structural Installation,Basement,08/23/2024,09/19/2024,,6.0,Medium,False,Crane Breakdown,Medium,113.0,Delay of 6 day(s) associated with crane breakdown,Meena Pillai,30
T-1143,PRJ006,PRJ-MEP,Closed,Concrete Work,Grid A5,06/05/2024,06/20/2024,06/17/2024,-3.0,High,False,None,High,49.3,Completed 3 day(s) ahead of schedule,Arjun Desai,40
T-1144,PRJ032,PRJ-INT,Closed,Concrete Work,Basement,03/07/2025,03/16/2025,03/19/2025,3.0,Medium,True,Equipment Failure,High,74.7,Delay of 3 day(s) associated with equipment failure,Lakshmi Iyer,40
T-1145,PRJ098,PRJ-MEP,In Progress,Electrical Installation,Mechanical,04/18/2024,04/26/2024,,2.0,Medium,False,Approval Delay,Medium,23.2,Delay of 2 day(s) associated with approval delay,Rajan Mehta,40
T-1146,PRJ033,PRJ-STR,On Hold,Structural Installation,Roof,03/29/2025,04/26/2025,,1.0,Medium,False,Labor Shortage,Low,37.2,Delay of 1 day(s) associated with labor shortage,Asha Verma,40
T-1147,PRJ071,PRJ-INT,Open,Concrete Work,Grid A5,08/31/2024,09/12/2024,,2.0,Medium,False,Material Delay,Medium,106.4,Delay of 2 day(s) associated with material delay,Dev Kapoor,40
T-1148,PRJ085,PRJ-STR,On Hold,HVAC Installation,South Facade,05/16/2025,05/19/2025,,10.0,Medium,False,Crane Breakdown,High,61.0,Delay of 10 day(s) associated with crane breakdown,Priya Nair,40
T-1149,PRJ029,PRJ-INT,Closed,Electrical Installation,West Yard,01/09/2025,01/23/2025,01/19/2025,-4.0,Medium,False,None,Medium,41.7,Completed 4 day(s) ahead of schedule,Suresh Kumar,40
T-1150,PRJ065,PRJ-MEP,Open,Flooring Work,Basement,10/22/2025,11/06/2025,,4.0,Low,False,Design Revision,High,81.9,Delay of 4 day(s) associated with design revision,Meena Pillai,30
T-1151,PRJ021,PRJ-MEP,Closed,Painting and Finishes,Grid A5,11/17/2024,12/07/2024,12/03/2024,-4.0,High,False,None,Low,59.3,Completed 4 day(s) ahead of schedule,Arjun Desai,40
T-1152,PRJ037,PRJ-SITE,Open,Structural Installation,Grid A5,08/03/2024,08/15/2024,,1.0,High,False,Approval Delay,High,60.9,Delay of 1 day(s) associated with approval delay,Lakshmi Iyer,40
T-1153,PRJ030,PRJ-STR,Closed,Structural Installation,North Wing,03/06/2025,04/03/2025,04/01/2025,-2.0,Low,False,None,Low,97.2,Completed 2 day(s) ahead of schedule,Rajan Mehta,40
T-1154,PRJ068,PRJ-SITE,Closed,Site Preparation,Grid A5,04/25/2025,05/16/2025,05/12/2025,-4.0,Medium,False,None,Low,40.1,Completed 4 day(s) ahead of schedule,Asha Verma,40
T-1155,PRJ088,PRJ-INT,Closed,Site Preparation,Roof,11/16/2024,12/16/2024,12/15/2024,-1.0,Low,False,None,Medium,47.8,Completed 1 day(s) ahead of schedule,Dev Kapoor,40
T-1156,PRJ026,PRJ-ARC,Closed,Underground Utilities,Grid A5,02/12/2025,02/25/2025,02/19/2025,-6.0,Medium,False,None,Low,79.6,Completed 6 day(s) ahead of schedule,Priya Nair,40
T-1157,PRJ030,PRJ-ARC,Open,Underground Utilities,Basement,12/09/2024,12/30/2024,,2.0,Medium,False,Weather Delay,Low,104.1,Delay of 2 day(s) associated with weather delay,Suresh Kumar,40
T-1158,PRJ083,PRJ-SITE,In Progress,Underground Utilities,West Yard,08/11/2024,08/24/2024,,-3.0,Medium,False,None,Low,112.1,Completed 3 day(s) ahead of schedule,Meena Pillai,30
T-1159,PRJ047,PRJ-STR,In Progress,Curtain Wall Installation,Basement,08/16/2024,09/07/2024,,-0.0,Medium,False,None,Medium,55.0,Completed on schedule,Arjun Desai,40
T-1160,PRJ052,PRJ-SITE,Open,Electrical Installation,Lobby,10/24/2025,11/16/2025,,-0.0,High,False,None,Medium,103.1,Completed on schedule,Lakshmi Iyer,40
T-1161,PRJ071,PRJ-STR,In Progress,Curtain Wall Installation,Mechanical,05/07/2025,05/19/2025,,-0.0,Low,False,None,Low,51.5,Completed on schedule,Rajan Mehta,40
T-1162,PRJ014,PRJ-SITE,In Progress,Flooring Work,South Facade,03/10/2024,04/08/2024,,-4.0,High,False,None,Medium,129.8,Completed 4 day(s) ahead of schedule,Asha Verma,40
T-1163,PRJ088,PRJ-ARC,In Progress,Curtain Wall Installation,Grid A5,12/03/2025,12/30/2025,,6.0,Low,False,Crane Breakdown,High,41.0,Delay of 6 day(s) associated with crane breakdown,Dev Kapoor,40
T-1164,PRJ037,PRJ-MEP,In Progress,Flooring Work,Grid A5,06/03/2025,07/01/2025,,-1.0,Low,False,None,Low,114.9,Completed 1 day(s) ahead of schedule,Priya Nair,40
T-1165,PRJ066,PRJ-INT,Closed,Site Preparation,Mechanical,02/06/2024,02/15/2024,02/15/2024,0.0,Medium,False,None,Low,55.3,Completed on schedule,Suresh Kumar,40
T-1166,PRJ044,PRJ-STR,In Progress,HVAC Installation,North Wing,06/15/2025,07/08/2025,,6.0,Medium,False,Equipment Failure,High,135.4,Delay of 6 day(s) associated with equipment failure,Meena Pillai,30
T-1167,PRJ076,PRJ-SITE,Closed,Structural Installation,North Wing,03/06/2025,03/11/2025,03/14/2025,3.0,High,True,Equipment Failure,High,92.7,Delay of 3 day(s) associated with equipment failure,Arjun Desai,40
T-1168,PRJ062,PRJ-ARC,In Progress,Electrical Installation,Grid A5,10/30/2025,11/04/2025,,5.0,High,False,Crane Breakdown,Medium,44.5,Delay of 5 day(s) associated with crane breakdown,Lakshmi Iyer,40
T-1169,PRJ018,PRJ-SITE,In Progress,Painting and Finishes,Grid A5,12/23/2024,01/22/2025,,3.0,Medium,False,Crane Breakdown,High,59.3,Delay of 3 day(s) associated with crane breakdown,Rajan Mehta,40
T-1170,PRJ019,PRJ-ARC,In Progress,HVAC Installation,North Wing,01/13/2025,01/20/2025,,3.0,High,False,Crane Breakdown,Low,98.4,Delay of 3 day(s) associated with crane breakdown,Asha Verma,40
T-1171,PRJ088,PRJ-SITE,In Progress,Plumbing Work,Mechanical,08/17/2024,09/13/2024,,0.0,Medium,False,None,Low,106.6,Completed on schedule,Dev Kapoor,40
T-1172,PRJ052,PRJ-SITE,In Progress,Underground Utilities,Roof,08/22/2024,09/06/2024,,3.0,Medium,False,Crane Breakdown,Medium,72.9,Delay of 3 day(s) associated with crane breakdown,Priya Nair,40
T-1173,PRJ028,PRJ-MEP,In Progress,Electrical Installation,Mechanical,03/27/2025,04/07/2025,,-1.0,Medium,False,None,Low,76.3,Completed 1 day(s) ahead of schedule,Suresh Kumar,40
T-1174,PRJ015,PRJ-ARC,Open,Plumbing Work,Mechanical,08/27/2025,09/01/2025,,3.0,High,False,Labor Shortage,Medium,97.8,Delay of 3 day(s) associated with labor shortage,Meena Pillai,30
T-1175,PRJ013,PRJ-INT,In Progress,Painting and Finishes,Lobby,10/12/2025,11/02/2025,,0.0,Low,False,None,Medium,79.0,Completed on schedule,Arjun Desai,40
T-1176,PRJ092,PRJ-ARC,In Progress,Underground Utilities,Mechanical,07/16/2025,08/08/2025,,-3.0,Low,False,None,Medium,36.2,Completed 3 day(s) ahead of schedule,Lakshmi Iyer,40
T-1177,PRJ098,PRJ-ARC,In Progress,Structural Installation,North Wing,03/21/2025,04/06/2025,,-2.0,Medium,False,None,Medium,50.6,Completed 2 day(s) ahead of schedule,Rajan Mehta,40
T-1178,PRJ040,PRJ-MEP,Closed,Underground Utilities,South Facade,12/31/2024,01/25/2025,01/22/2025,-3.0,High,False,None,Low,82.1,Completed 3 day(s) ahead of schedule,Asha Verma,40
T-1179,PRJ021,PRJ-ARC,In Progress,HVAC Installation,North Wing,09/04/2024,09/16/2024,,-1.0,High,False,None,Low,111.5,Completed 1 day(s) ahead of schedule,Dev Kapoor,40
T-1180,PRJ042,PRJ-INT,On Hold,Site Preparation,Grid A5,07/14/2025,08/01/2025,,6.0,Medium,False,Design Revision,Low,123.5,Delay of 6 day(s) associated with design revision,Priya Nair,40
T-1181,PRJ014,PRJ-ARC,Closed,HVAC Installation,West Yard,08/20/2024,08/31/2024,09/04/2024,4.0,High,True,Labor Shortage,Medium,98.4,Delay of 4 day(s) associated with labor shortage,Suresh Kumar,40
T-1182,PRJ055,PRJ-MEP,On Hold,HVAC Installation,South Facade,07/14/2024,08/02/2024,,-2.0,High,False,None,Low,83.6,Completed 2 day(s) ahead of schedule,Meena Pillai,30
T-1183,PRJ063,PRJ-INT,Closed,Structural Installation,Basement,09/25/2025,10/01/2025,09/27/2025,-4.0,Medium,False,None,Low,97.5,Completed 4 day(s) ahead of schedule,Arjun Desai,40
T-1184,PRJ099,PRJ-SITE,Open,Painting and Finishes,South Facade,03/06/2025,03/22/2025,,-7.0,Medium,False,None,Low,55.0,Completed 7 day(s) ahead of schedule,Lakshmi Iyer,40
T-1185,PRJ032,PRJ-STR,In Progress,HVAC Installation,Grid A5,09/15/2024,10/03/2024,,4.0,High,False,Design Revision,Low,70.4,Delay of 4 day(s) associated with design revision,Rajan Mehta,40
T-1186,PRJ020,PRJ-ARC,Open,HVAC Installation,North Wing,09/23/2025,10/11/2025,,3.0,Medium,False,Site Constraint,High,50.3,Delay of 3 day(s) associated with site constraint,Asha Verma,40
T-1187,PRJ014,PRJ-INT,Closed,Plumbing Work,Lobby,12/03/2025,12/18/2025,12/15/2025,-3.0,Medium,False,None,Low,37.5,Completed 3 day(s) ahead of schedule,Dev Kapoor,40
T-1188,PRJ038,PRJ-INT,In Progress,Concrete Work,Basement,08/20/2024,09/10/2024,,1.0,Low,False,Equipment Failure,High,85.0,Delay of 1 day(s) associated with equipment failure,Priya Nair,40
T-1189,PRJ061,PRJ-STR,In Progress,Concrete Work,South Facade,01/15/2025,02/01/2025,,-1.0,Medium,False,None,Low,80.6,Completed 1 day(s) ahead of schedule,Suresh Kumar,40
T-1190,PRJ007,PRJ-STR,On Hold,Site Preparation,Roof,12/18/2024,12/28/2024,,6.0,Medium,False,Weather Delay,Medium,95.6,Delay of 6 day(s) associated with weather delay,Meena Pillai,30
T-1191,PRJ076,PRJ-STR,Open,Concrete Work,North Wing,05/27/2025,06/05/2025,,-1.0,High,False,None,Medium,91.4,Completed 1 day(s) ahead of schedule,Arjun Desai,40
T-1192,PRJ047,PRJ-SITE,In Progress,Underground Utilities,South Facade,11/25/2025,12/16/2025,,3.0,Low,False,Material Delay,Low,82.3,Delay of 3 day(s) associated with material delay,Lakshmi Iyer,40
T-1193,PRJ080,PRJ-SITE,Closed,Curtain Wall Installation,West Yard,02/04/2025,03/05/2025,03/17/2025,12.0,Low,True,Crane Breakdown,High,91.7,Delay of 12 day(s) associated with crane breakdown,Rajan Mehta,40
T-1194,PRJ047,PRJ-MEP,Open,Flooring Work,Lobby,08/05/2025,08/29/2025,,-1.0,High,False,None,High,73.7,Completed 1 day(s) ahead of schedule,Asha Verma,40
T-1195,PRJ016,PRJ-STR,In Progress,Curtain Wall Installation,Grid A5,03/10/2025,03/30/2025,,2.0,Low,False,Crane Breakdown,High,87.4,Delay of 2 day(s) associated with crane breakdown,Dev Kapoor,40
T-1196,PRJ003,PRJ-SITE,Closed,Flooring Work,Roof,10/09/2025,11/06/2025,10/31/2025,-6.0,Low,False,None,Low,53.2,Completed 6 day(s) ahead of schedule,Priya Nair,40
T-1197,PRJ056,PRJ-ARC,Open,Site Preparation,Basement,10/22/2024,11/19/2024,,3.0,Medium,False,Labor Shortage,Low,86.1,Delay of 3 day(s) associated with labor shortage,Suresh Kumar,40
T-1198,PRJ054,PRJ-MEP,In Progress,Painting and Finishes,Roof,10/08/2024,10/25/2024,,5.0,High,False,Crane Breakdown,Medium,95.1,Delay of 5 day(s) associated with crane breakdown,Meena Pillai,30
T-1199,PRJ082,PRJ-SITE,In Progress,Plumbing Work,Mechanical,11/04/2024,11/10/2024,,-2.0,Low,False,None,Low,54.9,Completed 2 day(s) ahead of schedule,Arjun Desai,40
T-1200,PRJ088,PRJ-MEP,Closed,Site Preparation,Mechanical,12/28/2025,01/17/2026,01/17/2026,-0.0,Medium,False,None,Medium,76.6,Completed on schedule,Lakshmi Iyer,40
T-1201,PRJ017,PRJ-INT,Open,Electrical Installation,Mechanical,03/22/2025,04/11/2025,,-4.0,High,False,None,Medium,56.3,Completed 4 day(s) ahead of schedule,Rajan Mehta,40
T-1202,PRJ032,PRJ-ARC,On Hold,Curtain Wall Installation,North Wing,04/21/2024,05/01/2024,,5.0,High,False,Equipment Failure,Medium,59.2,Delay of 5 day(s) associated with equipment failure,Asha Verma,40
T-1203,PRJ021,PRJ-MEP,Closed,HVAC Installation,West Yard,01/30/2024,02/25/2024,02/25/2024,-0.0,Medium,False,None,High,41.3,Completed on schedule,Dev Kapoor,40
T-1204,PRJ011,PRJ-ARC,Open,Painting and Finishes,Roof,01/13/2025,02/09/2025,,2.0,Low,False,Material Delay,Medium,113.0,Delay of 2 day(s) associated with material delay,Priya Nair,40
T-1205,PRJ001,PRJ-ARC,In Progress,Curtain Wall Installation,Basement,08/11/2025,08/23/2025,,3.0,Low,False,Design Revision,Low,107.0,Delay of 3 day(s) associated with design revision,Suresh Kumar,40
T-1206,PRJ009,PRJ-SITE,In Progress,Plumbing Work,South Facade,12/15/2024,12/31/2024,,-0.0,Low,False,None,Low,91.1,Completed on schedule,Meena Pillai,30
T-1207,PRJ053,PRJ-INT,Closed,Electrical Installation,North Wing,02/12/2025,02/20/2025,02/23/2025,3.0,Low,True,Labor Shortage,Medium,134.2,Delay of 3 day(s) associated with labor shortage,Arjun Desai,40
T-1208,PRJ016,PRJ-STR,In Progress,HVAC Installation,West Yard,08/05/2025,08/12/2025,,1.0,Medium,False,Labor Shortage,Medium,69.3,Delay of 1 day(s) associated with labor shortage,Lakshmi Iyer,40
T-1209,PRJ020,PRJ-MEP,Open,Electrical Installation,Basement,01/11/2025,01/21/2025,,5.0,Low,False,Equipment Failure,Low,166.0,Delay of 5 day(s) associated with equipment failure,Rajan Mehta,40
T-1210,PRJ012,PRJ-ARC,Open,Concrete Work,Mechanical,10/25/2025,11/07/2025,,5.0,Medium,False,Design Revision,Medium,68.2,Delay of 5 day(s) associated with design revision,Asha Verma,40
T-1211,PRJ073,PRJ-SITE,On Hold,Structural Installation,Lobby,04/10/2025,04/20/2025,,6.0,Medium,False,Labor Shortage,Medium,82.7,Delay of 6 day(s) associated with labor shortage,Dev Kapoor,40
T-1212,PRJ064,PRJ-INT,In Progress,Structural Installation,South Facade,06/17/2025,06/24/2025,,6.0,Medium,False,Approval Delay,High,63.1,Delay of 6 day(s) associated with approval delay,Priya Nair,40
T-1213,PRJ097,PRJ-ARC,Closed,Site Preparation,West Yard,07/24/2025,08/08/2025,08/08/2025,0.0,Low,False,None,Medium,86.2,Completed on schedule,Suresh Kumar,40
T-1214,PRJ012,PRJ-SITE,In Progress,Plumbing Work,Basement,04/02/2025,04/22/2025,,-3.0,High,False,None,Low,100.1,Completed 3 day(s) ahead of schedule,Meena Pillai,30
T-1215,PRJ021,PRJ-SITE,On Hold,Electrical Installation,Roof,02/06/2024,02/18/2024,,3.0,Medium,False,Weather Delay,Low,71.6,Delay of 3 day(s) associated with weather delay,Arjun Desai,40
T-1216,PRJ046,PRJ-SITE,Open,Site Preparation,Grid A5,11/08/2024,11/25/2024,,3.0,Medium,False,Approval Delay,Medium,128.3,Delay of 3 day(s) associated with approval delay,Lakshmi Iyer,40
T-1217,PRJ065,PRJ-SITE,Open,Electrical Installation,West Yard,04/13/2024,04/23/2024,,-6.0,Low,False,None,Low,82.2,Completed 6 day(s) ahead of schedule,Rajan Mehta,40
T-1218,PRJ014,PRJ-ARC,On Hold,Electrical Installation,Lobby,01/07/2025,01/29/2025,,4.0,Low,False,Equipment Failure,Medium,83.1,Delay of 4 day(s) associated with equipment failure,Asha Verma,40
T-1219,PRJ022,PRJ-INT,On Hold,HVAC Installation,Mechanical,04/14/2024,05/05/2024,,1.0,High,False,Material Delay,Medium,47.7,Delay of 1 day(s) associated with material delay,Dev Kapoor,40
T-1220,PRJ043,PRJ-MEP,In Progress,Concrete Work,Basement,01/06/2025,02/04/2025,,-2.0,Medium,False,None,Low,87.6,Completed 2 day(s) ahead of schedule,Priya Nair,40
T-1221,PRJ002,PRJ-ARC,In Progress,Plumbing Work,Basement,09/08/2024,09/12/2024,,3.0,Medium,False,Site Constraint,Low,71.0,Delay of 3 day(s) associated with site constraint,Suresh Kumar,40
T-1222,PRJ040,PRJ-INT,In Progress,HVAC Installation,Lobby,01/15/2024,02/10/2024,,-1.0,Medium,False,None,Low,56.8,Completed 1 day(s) ahead of schedule,Meena Pillai,30
T-1223,PRJ076,PRJ-ARC,In Progress,Plumbing Work,Lobby,04/01/2024,04/13/2024,,8.0,Medium,False,Site Constraint,High,51.7,Delay of 8 day(s) associated with site constraint,Arjun Desai,40
T-1224,PRJ053,PRJ-MEP,Open,Plumbing Work,North Wing,02/27/2024,03/02/2024,,4.0,High,False,Design Revision,Medium,155.2,Delay of 4 day(s) associated with design revision,Lakshmi Iyer,40
T-1225,PRJ044,PRJ-ARC,Closed,Structural Installation,South Facade,09/16/2025,10/08/2025,10/05/2025,-3.0,Medium,False,None,Low,67.1,Completed 3 day(s) ahead of schedule,Rajan Mehta,40
T-1226,PRJ049,PRJ-MEP,In Progress,Painting and Finishes,South Facade,07/07/2025,07/14/2025,,-2.0,High,False,None,High,31.3,Completed 2 day(s) ahead of schedule,Asha Verma,40
T-1227,PRJ095,PRJ-ARC,Closed,Electrical Installation,Roof,06/01/2025,06/08/2025,06/08/2025,-0.0,Low,False,None,Medium,54.1,Completed on schedule,Dev Kapoor,40
T-1228,PRJ053,PRJ-STR,Open,Flooring Work,Basement,05/05/2024,06/04/2024,,0.0,Medium,False,None,Medium,73.5,Completed on schedule,Priya Nair,40
T-1229,PRJ054,PRJ-ARC,Open,Flooring Work,Basement,08/03/2025,08/12/2025,,-0.0,Medium,False,None,High,91.4,Completed on schedule,Suresh Kumar,40
T-1230,PRJ094,PRJ-SITE,Closed,Curtain Wall Installation,Roof,04/08/2025,04/26/2025,04/23/2025,-3.0,Low,False,None,Low,91.6,Completed 3 day(s) ahead of schedule,Meena Pillai,30
T-1231,PRJ016,PRJ-SITE,In Progress,Concrete Work,Basement,10/12/2024,10/20/2024,,-1.0,Low,False,None,Low,95.3,Completed 1 day(s) ahead of schedule,Arjun Desai,40
T-1232,PRJ010,PRJ-SITE,Closed,Underground Utilities,North Wing,01/01/2024,01/07/2024,01/07/2024,0.0,Medium,False,None,Medium,55.7,Completed on schedule,Lakshmi Iyer,40
T-1233,PRJ045,PRJ-INT,Open,HVAC Installation,Basement,01/21/2025,01/24/2025,,-1.0,High,False,None,Low,85.2,Completed 1 day(s) ahead of schedule,Rajan Mehta,40
T-1234,PRJ032,PRJ-STR,On Hold,Painting and Finishes,West Yard,08/04/2025,08/07/2025,,1.0,Medium,False,Site Constraint,Medium,48.7,Delay of 1 day(s) associated with site constraint,Asha Verma,40
T-1235,PRJ021,PRJ-ARC,Closed,Concrete Work,Grid A5,01/25/2024,02/10/2024,02/07/2024,-3.0,High,False,None,Low,56.4,Completed 3 day(s) ahead of schedule,Dev Kapoor,40
T-1236,PRJ012,PRJ-STR,Closed,Plumbing Work,Roof,02/08/2024,02/23/2024,02/18/2024,-5.0,High,False,None,Low,47.5,Completed 5 day(s) ahead of schedule,Priya Nair,40
T-1237,PRJ088,PRJ-INT,Open,Underground Utilities,Basement,10/06/2024,10/10/2024,,-7.0,Medium,False,None,Low,39.3,Completed 7 day(s) ahead of schedule,Suresh Kumar,40
T-1238,PRJ062,PRJ-ARC,In Progress,HVAC Installation,Mechanical,01/08/2025,01/20/2025,,0.0,High,False,None,Medium,106.9,Completed on schedule,Meena Pillai,30
T-1239,PRJ070,PRJ-MEP,In Progress,Structural Installation,South Facade,12/12/2024,12/22/2024,,4.0,Low,False,Crane Breakdown,Low,95.7,Delay of 4 day(s) associated with crane breakdown,Arjun Desai,40
T-1240,PRJ012,PRJ-ARC,In Progress,Painting and Finishes,West Yard,11/07/2024,11/25/2024,,-4.0,Low,False,None,Low,104.3,Completed 4 day(s) ahead of schedule,Lakshmi Iyer,40
T-1241,PRJ035,PRJ-ARC,In Progress,Painting and Finishes,North Wing,07/05/2024,08/04/2024,,4.0,High,False,Design Revision,High,76.2,Delay of 4 day(s) associated with design revision,Rajan Mehta,40
T-1242,PRJ063,PRJ-STR,Open,Electrical Installation,North Wing,02/13/2024,03/06/2024,,3.0,High,False,Crane Breakdown,Low,98.3,Delay of 3 day(s) associated with crane breakdown,Asha Verma,40
T-1243,PRJ053,PRJ-ARC,In Progress,Painting and Finishes,South Facade,01/23/2024,02/20/2024,,-5.0,Low,False,None,Low,22.2,Completed 5 day(s) ahead of schedule,Dev Kapoor,40
T-1244,PRJ070,PRJ-MEP,In Progress,Painting and Finishes,Roof,03/13/2024,03/21/2024,,0.0,Medium,False,None,Low,100.9,Completed on schedule,Priya Nair,40
T-1245,PRJ067,PRJ-MEP,In Progress,HVAC Installation,Roof,05/18/2025,05/27/2025,,-5.0,Medium,False,None,Low,80.3,Completed 5 day(s) ahead of schedule,Suresh Kumar,40
T-1246,PRJ042,PRJ-MEP,Open,Flooring Work,Basement,07/27/2025,08/20/2025,,3.0,High,False,Weather Delay,Low,93.8,Delay of 3 day(s) associated with weather delay,Meena Pillai,30
T-1247,PRJ079,PRJ-MEP,In Progress,Underground Utilities,West Yard,11/13/2024,11/24/2024,,2.0,Medium,False,Site Constraint,Medium,86.4,Delay of 2 day(s) associated with site constraint,Arjun Desai,40
T-1248,PRJ026,PRJ-MEP,Closed,Painting and Finishes,Grid A5,02/26/2024,03/23/2024,03/19/2024,-4.0,Medium,False,None,Low,45.4,Completed 4 day(s) ahead of schedule,Lakshmi Iyer,40
T-1249,PRJ009,PRJ-INT,In Progress,Plumbing Work,Roof,10/30/2024,11/14/2024,,6.0,Medium,False,Labor Shortage,High,30.1,Delay of 6 day(s) associated with labor shortage,Rajan Mehta,40
T-1250,PRJ092,PRJ-INT,In Progress,Underground Utilities,Grid A5,12/20/2025,12/28/2025,,5.0,Medium,False,Labor Shortage,High,53.6,Delay of 5 day(s) associated with labor shortage,Asha Verma,40
T-1251,PRJ003,PRJ-STR,In Progress,Painting and Finishes,Lobby,07/01/2024,07/27/2024,,-3.0,Medium,False,None,Low,91.9,Completed 3 day(s) ahead of schedule,Dev Kapoor,40
T-1252,PRJ029,PRJ-INT,Closed,Flooring Work,Mechanical,12/24/2024,01/11/2025,01/06/2025,-5.0,High,False,None,Low,95.7,Completed 5 day(s) ahead of schedule,Priya Nair,40
T-1253,PRJ012,PRJ-INT,In Progress,Site Preparation,Lobby,01/27/2025,02/21/2025,,-2.0,Medium,False,None,Low,34.0,Completed 2 day(s) ahead of schedule,Suresh Kumar,40
T-1254,PRJ024,PRJ-MEP,In Progress,Electrical Installation,North Wing,08/28/2024,09/12/2024,,-1.0,Low,False,None,Medium,45.6,Completed 1 day(s) ahead of schedule,Meena Pillai,30
T-1255,PRJ040,PRJ-SITE,On Hold,Painting and Finishes,South Facade,11/15/2024,11/21/2024,,-6.0,Low,False,None,Low,53.3,Completed 6 day(s) ahead of schedule,Arjun Desai,40
T-1256,PRJ013,PRJ-STR,In Progress,Curtain Wall Installation,Lobby,12/10/2024,01/01/2025,,4.0,Medium,False,Crane Breakdown,High,64.3,Delay of 4 day(s) associated with crane breakdown,Lakshmi Iyer,40
T-1257,PRJ047,PRJ-INT,On Hold,Electrical Installation,Grid A5,12/12/2024,12/18/2024,,-4.0,High,False,None,Medium,34.1,Completed 4 day(s) ahead of schedule,Rajan Mehta,40
T-1258,PRJ093,PRJ-STR,Closed,Site Preparation,Lobby,06/07/2025,06/28/2025,07/05/2025,7.0,Low,True,Labor Shortage,High,32.3,Delay of 7 day(s) associated with labor shortage,Asha Verma,40
T-1259,PRJ014,PRJ-SITE,Open,Site Preparation,North Wing,02/28/2025,03/14/2025,,0.0,Low,False,None,Medium,50.3,Completed on schedule,Dev Kapoor,40
T-1260,PRJ093,PRJ-ARC,In Progress,Site Preparation,Roof,02/08/2024,03/04/2024,,2.0,Medium,False,Material Delay,High,77.6,Delay of 2 day(s) associated with material delay,Priya Nair,40
T-1261,PRJ042,PRJ-INT,Closed,Concrete Work,Mechanical,01/05/2024,02/01/2024,01/26/2024,-6.0,Low,False,None,Low,39.6,Completed 6 day(s) ahead of schedule,Suresh Kumar,40
T-1262,PRJ060,PRJ-MEP,On Hold,Electrical Installation,Grid A5,10/26/2024,11/09/2024,,-3.0,High,False,None,Medium,71.5,Completed 3 day(s) ahead of schedule,Meena Pillai,30
T-1263,PRJ045,PRJ-ARC,In Progress,Flooring Work,West Yard,10/24/2025,11/20/2025,,-3.0,Medium,False,None,Low,106.8,Completed 3 day(s) ahead of schedule,Arjun Desai,40
T-1264,PRJ032,PRJ-SITE,Open,Plumbing Work,Roof,01/27/2024,02/02/2024,,5.0,Low,False,Material Delay,High,35.9,Delay of 5 day(s) associated with material delay,Lakshmi Iyer,40
T-1265,PRJ011,PRJ-MEP,In Progress,Plumbing Work,Grid A5,02/21/2024,02/27/2024,,7.0,High,False,Weather Delay,Medium,68.8,Delay of 7 day(s) associated with weather delay,Rajan Mehta,40
T-1266,PRJ060,PRJ-INT,Open,Flooring Work,Roof,05/10/2025,06/09/2025,,8.0,Low,False,Design Revision,High,105.7,Delay of 8 day(s) associated with design revision,Asha Verma,40
T-1267,PRJ092,PRJ-ARC,Closed,Painting and Finishes,Lobby,11/25/2024,12/14/2024,12/10/2024,-4.0,Medium,False,None,Low,62.5,Completed 4 day(s) ahead of schedule,Dev Kapoor,40
T-1268,PRJ053,PRJ-ARC,In Progress,Concrete Work,Mechanical,06/17/2024,07/02/2024,,3.0,Low,False,Site Constraint,High,57.8,Delay of 3 day(s) associated with site constraint,Priya Nair,40
T-1269,PRJ060,PRJ-ARC,Closed,Structural Installation,West Yard,05/31/2024,06/07/2024,06/06/2024,-1.0,Low,False,None,Medium,109.9,Completed 1 day(s) ahead of schedule,Suresh Kumar,40
T-1270,PRJ065,PRJ-STR,Closed,Underground Utilities,Grid A5,04/30/2025,05/11/2025,05/18/2025,7.0,Low,True,Labor Shortage,Medium,65.8,Delay of 7 day(s) associated with labor shortage,Meena Pillai,30
T-1271,PRJ039,PRJ-ARC,Closed,Underground Utilities,Mechanical,01/17/2025,02/08/2025,02/13/2025,5.0,Low,True,Material Delay,High,108.1,Delay of 5 day(s) associated with material delay,Arjun Desai,40
T-1272,PRJ013,PRJ-STR,Closed,Site Preparation,Lobby,04/10/2025,05/06/2025,05/11/2025,5.0,Low,True,Crane Breakdown,Low,87.9,Delay of 5 day(s) associated with crane breakdown,Lakshmi Iyer,40
T-1273,PRJ051,PRJ-SITE,Closed,Structural Installation,Lobby,07/23/2024,08/20/2024,08/22/2024,2.0,Low,True,Approval Delay,Low,64.7,Delay of 2 day(s) associated with approval delay,Rajan Mehta,40
T-1274,PRJ087,PRJ-SITE,Closed,Underground Utilities,Roof,01/19/2025,02/02/2025,01/28/2025,-5.0,Medium,False,None,Medium,89.4,Completed 5 day(s) ahead of schedule,Asha Verma,40
T-1275,PRJ032,PRJ-MEP,Closed,Curtain Wall Installation,Lobby,09/19/2025,10/04/2025,09/30/2025,-4.0,Medium,False,None,Low,84.6,Completed 4 day(s) ahead of schedule,Dev Kapoor,40
T-1276,PRJ088,PRJ-ARC,Open,Structural Installation,Grid A5,08/19/2024,08/26/2024,,-3.0,Medium,False,None,Low,105.6,Completed 3 day(s) ahead of schedule,Priya Nair,40
T-1277,PRJ086,PRJ-STR,In Progress,HVAC Installation,Lobby,10/16/2024,10/21/2024,,-2.0,Medium,False,None,Low,58.5,Completed 2 day(s) ahead of schedule,Suresh Kumar,40
T-1278,PRJ025,PRJ-SITE,Open,Underground Utilities,Grid A5,04/29/2024,05/14/2024,,-2.0,Medium,False,None,Low,76.2,Completed 2 day(s) ahead of schedule,Meena Pillai,30
T-1279,PRJ058,PRJ-INT,Closed,Site Preparation,West Yard,04/11/2025,04/30/2025,05/12/2025,12.0,High,True,Material Delay,High,73.2,Delay of 12 day(s) associated with material delay,Arjun Desai,40
T-1280,PRJ075,PRJ-INT,Closed,Curtain Wall Installation,Basement,01/24/2024,01/29/2024,01/26/2024,-3.0,High,False,None,Medium,96.1,Completed 3 day(s) ahead of schedule,Lakshmi Iyer,40
T-1281,PRJ050,PRJ-ARC,In Progress,Concrete Work,Lobby,06/30/2024,07/14/2024,,-1.0,Low,False,None,Low,44.2,Completed 1 day(s) ahead of schedule,Rajan Mehta,40
T-1282,PRJ070,PRJ-SITE,Open,Plumbing Work,North Wing,06/04/2025,06/24/2025,,4.0,Low,False,Material Delay,Medium,105.5,Delay of 4 day(s) associated with material delay,Asha Verma,40
T-1283,PRJ092,PRJ-MEP,In Progress,Concrete Work,Mechanical,01/15/2024,02/09/2024,,3.0,Low,False,Equipment Failure,Medium,89.0,Delay of 3 day(s) associated with equipment failure,Dev Kapoor,40
T-1284,PRJ063,PRJ-MEP,Closed,Concrete Work,Grid A5,12/23/2025,01/21/2026,01/20/2026,-1.0,Low,False,None,Medium,35.5,Completed 1 day(s) ahead of schedule,Priya Nair,40
T-1285,PRJ084,PRJ-MEP,Open,Plumbing Work,North Wing,10/22/2024,11/03/2024,,2.0,Medium,False,Design Revision,High,111.2,Delay of 2 day(s) associated with design revision,Suresh Kumar,40
T-1286,PRJ081,PRJ-INT,Open,Plumbing Work,Lobby,10/18/2024,10/31/2024,,7.0,Medium,False,Labor Shortage,High,142.0,Delay of 7 day(s) associated with labor shortage,Meena Pillai,30
T-1287,PRJ082,PRJ-MEP,Closed,Painting and Finishes,West Yard,01/26/2025,02/22/2025,02/23/2025,1.0,Low,True,Approval Delay,Low,105.1,Delay of 1 day(s) associated with approval delay,Arjun Desai,40
T-1288,PRJ086,PRJ-SITE,Closed,Plumbing Work,West Yard,04/11/2025,05/03/2025,05/03/2025,0.0,Medium,False,None,Low,117.8,Completed on schedule,Lakshmi Iyer,40
T-1289,PRJ023,PRJ-INT,Open,Structural Installation,West Yard,12/01/2024,12/11/2024,,2.0,Medium,False,Material Delay,Medium,77.6,Delay of 2 day(s) associated with material delay,Rajan Mehta,40
T-1290,PRJ002,PRJ-ARC,In Progress,Plumbing Work,Lobby,10/07/2025,10/29/2025,,4.0,Low,False,Crane Breakdown,Medium,25.2,Delay of 4 day(s) associated with crane breakdown,Asha Verma,40
T-1291,PRJ016,PRJ-ARC,On Hold,Flooring Work,Mechanical,12/03/2025,12/10/2025,,3.0,High,False,Design Revision,Medium,19.7,Delay of 3 day(s) associated with design revision,Dev Kapoor,40
T-1292,PRJ025,PRJ-SITE,Closed,Plumbing Work,North Wing,05/26/2024,06/10/2024,06/11/2024,1.0,Low,True,Crane Breakdown,Medium,82.7,Delay of 1 day(s) associated with crane breakdown,Priya Nair,40
T-1293,PRJ070,PRJ-ARC,Closed,Flooring Work,Basement,05/30/2025,06/10/2025,06/04/2025,-6.0,High,False,None,Medium,57.2,Completed 6 day(s) ahead of schedule,Suresh Kumar,40
T-1294,PRJ051,PRJ-SITE,In Progress,Curtain Wall Installation,Grid A5,08/07/2024,09/06/2024,,-4.0,Low,False,None,Low,47.6,Completed 4 day(s) ahead of schedule,Meena Pillai,30
T-1295,PRJ047,PRJ-ARC,In Progress,Curtain Wall Installation,South Facade,12/27/2025,12/30/2025,,-3.0,High,False,None,Low,73.1,Completed 3 day(s) ahead of schedule,Arjun Desai,40
T-1296,PRJ001,PRJ-SITE,Open,Electrical Installation,Basement,07/03/2024,07/29/2024,,-1.0,High,False,None,Low,93.5,Completed 1 day(s) ahead of schedule,Lakshmi Iyer,40
T-1297,PRJ069,PRJ-ARC,Closed,Underground Utilities,Mechanical,08/03/2024,08/13/2024,08/06/2024,-7.0,High,False,None,Low,31.4,Completed 7 day(s) ahead of schedule,Rajan Mehta,40
T-1298,PRJ037,PRJ-SITE,Open,Curtain Wall Installation,South Facade,06/05/2025,06/09/2025,,-7.0,High,False,None,Low,61.5,Completed 7 day(s) ahead of schedule,Asha Verma,40
T-1299,PRJ077,PRJ-SITE,Open,Underground Utilities,Basement,07/30/2025,08/20/2025,,-2.0,High,False,None,Medium,120.3,Completed 2 day(s) ahead of schedule,Dev Kapoor,40
T-1300,PRJ012,PRJ-SITE,Closed,Electrical Installation,Basement,04/03/2024,04/24/2024,04/17/2024,-7.0,Medium,False,None,Low,42.7,Completed 7 day(s) ahead of schedule,Priya Nair,40
T-1301,PRJ030,PRJ-MEP,On Hold,HVAC Installation,North Wing,02/09/2025,02/15/2025,,1.0,High,False,Labor Shortage,Low,101.1,Delay of 1 day(s) associated with labor shortage,Suresh Kumar,40
T-1302,PRJ006,PRJ-ARC,Closed,Flooring Work,North Wing,09/09/2024,09/13/2024,09/08/2024,-5.0,Low,False,None,Medium,60.5,Completed 5 day(s) ahead of schedule,Meena Pillai,30
T-1303,PRJ029,PRJ-SITE,In Progress,Curtain Wall Installation,West Yard,03/22/2025,03/28/2025,,-1.0,Medium,False,None,Medium,91.4,Completed 1 day(s) ahead of schedule,Arjun Desai,40
T-1304,PRJ093,PRJ-INT,In Progress,HVAC Installation,Mechanical,02/10/2025,02/24/2025,,-1.0,Medium,False,None,Low,107.9,Completed 1 day(s) ahead of schedule,Lakshmi Iyer,40
T-1305,PRJ050,PRJ-STR,In Progress,Underground Utilities,Basement,12/20/2025,12/26/2025,,0.0,High,False,None,High,97.2,Completed on schedule,Rajan Mehta,40
T-1306,PRJ044,PRJ-SITE,In Progress,Painting and Finishes,Grid A5,11/12/2025,12/04/2025,,7.0,Medium,False,Weather Delay,High,102.3,Delay of 7 day(s) associated with weather delay,Asha Verma,40
T-1307,PRJ028,PRJ-ARC,In Progress,Flooring Work,Grid A5,04/22/2025,04/27/2025,,2.0,Medium,False,Design Revision,Medium,40.5,Delay of 2 day(s) associated with design revision,Dev Kapoor,40
T-1308,PRJ027,PRJ-MEP,In Progress,Plumbing Work,West Yard,05/10/2025,06/04/2025,,1.0,Medium,False,Equipment Failure,Medium,108.4,Delay of 1 day(s) associated with equipment failure,Priya Nair,40
T-1309,PRJ067,PRJ-ARC,In Progress,Site Preparation,Roof,10/18/2025,11/14/2025,,-4.0,Medium,False,None,Low,49.4,Completed 4 day(s) ahead of schedule,Suresh Kumar,40
T-1310,PRJ099,PRJ-STR,Closed,HVAC Installation,Roof,05/13/2024,06/05/2024,06/11/2024,6.0,Low,True,Design Revision,High,82.8,Delay of 6 day(s) associated with design revision,Meena Pillai,30
T-1311,PRJ075,PRJ-MEP,On Hold,Electrical Installation,North Wing,06/13/2025,07/12/2025,,-1.0,Medium,False,None,Low,82.7,Completed 1 day(s) ahead of schedule,Arjun Desai,40
T-1312,PRJ074,PRJ-INT,Open,Electrical Installation,South Facade,07/17/2025,08/15/2025,,2.0,Medium,False,Weather Delay,High,89.6,Delay of 2 day(s) associated with weather delay,Lakshmi Iyer,40
T-1313,PRJ048,PRJ-INT,In Progress,Plumbing Work,Mechanical,04/02/2024,04/06/2024,,6.0,Low,False,Site Constraint,Medium,85.1,Delay of 6 day(s) associated with site constraint,Rajan Mehta,40
T-1314,PRJ010,PRJ-SITE,Open,Flooring Work,South Facade,10/05/2025,10/17/2025,,-1.0,Medium,False,None,Low,49.7,Completed 1 day(s) ahead of schedule,Asha Verma,40
T-1315,PRJ073,PRJ-MEP,In Progress,Concrete Work,Mechanical,05/25/2025,06/18/2025,,-1.0,Medium,False,None,Low,34.5,Completed 1 day(s) ahead of schedule,Dev Kapoor,40
T-1316,PRJ081,PRJ-STR,In Progress,Concrete Work,South Facade,09/10/2024,09/22/2024,,6.0,Medium,False,Crane Breakdown,Medium,101.2,Delay of 6 day(s) associated with crane breakdown,Priya Nair,40
T-1317,PRJ052,PRJ-INT,Open,Painting and Finishes,Grid A5,12/19/2024,01/11/2025,,-6.0,Medium,False,None,Medium,80.6,Completed 6 day(s) ahead of schedule,Suresh Kumar,40
T-1318,PRJ010,PRJ-INT,Closed,Curtain Wall Installation,Mechanical,12/23/2024,01/16/2025,01/19/2025,3.0,Medium,True,Design Revision,Low,109.5,Delay of 3 day(s) associated with design revision,Meena Pillai,30
T-1319,PRJ072,PRJ-SITE,In Progress,Flooring Work,Basement,11/01/2025,12/01/2025,,2.0,Medium,False,Weather Delay,Medium,73.7,Delay of 2 day(s) associated with weather delay,Arjun Desai,40
T-1320,PRJ093,PRJ-INT,On Hold,Electrical Installation,North Wing,12/08/2025,12/20/2025,,7.0,High,False,Labor Shortage,High,32.8,Delay of 7 day(s) associated with labor shortage,Lakshmi Iyer,40
T-1321,PRJ023,PRJ-INT,Open,Underground Utilities,Lobby,08/11/2025,08/23/2025,,2.0,High,False,Design Revision,Medium,104.0,Delay of 2 day(s) associated with design revision,Rajan Mehta,40
T-1322,PRJ016,PRJ-INT,Open,Painting and Finishes,Mechanical,04/21/2025,04/24/2025,,-0.0,Medium,False,None,Medium,63.9,Completed on schedule,Asha Verma,40
T-1323,PRJ074,PRJ-STR,In Progress,Electrical Installation,Mechanical,03/17/2024,03/27/2024,,-2.0,Medium,False,None,Low,85.3,Completed 2 day(s) ahead of schedule,Dev Kapoor,40
T-1324,PRJ034,PRJ-ARC,Open,Plumbing Work,Mechanical,10/29/2025,11/08/2025,,1.0,Medium,False,Site Constraint,Medium,55.6,Delay of 1 day(s) associated with site constraint,Priya Nair,40
T-1325,PRJ072,PRJ-MEP,In Progress,Structural Installation,North Wing,04/07/2024,04/22/2024,,-1.0,High,False,None,Low,124.3,Completed 1 day(s) ahead of schedule,Suresh Kumar,40
T-1326,PRJ071,PRJ-MEP,On Hold,Electrical Installation,Basement,05/01/2024,05/15/2024,,8.0,Medium,False,Crane Breakdown,High,48.7,Delay of 8 day(s) associated with crane breakdown,Meena Pillai,30
T-1327,PRJ027,PRJ-INT,Open,Site Preparation,North Wing,02/20/2024,03/17/2024,,-7.0,High,False,None,Low,64.9,Completed 7 day(s) ahead of schedule,Arjun Desai,40
T-1328,PRJ005,PRJ-ARC,Open,Electrical Installation,South Facade,11/22/2025,12/16/2025,,-1.0,Medium,False,None,Medium,78.2,Completed 1 day(s) ahead of schedule,Lakshmi Iyer,40
T-1329,PRJ056,PRJ-STR,In Progress,Site Preparation,Lobby,12/26/2024,01/18/2025,,4.0,Medium,False,Site Constraint,Low,42.2,Delay of 4 day(s) associated with site constraint,Rajan Mehta,40
T-1330,PRJ041,PRJ-SITE,In Progress,Curtain Wall Installation,Lobby,06/21/2024,06/24/2024,,-3.0,Medium,False,None,Low,84.9,Completed 3 day(s) ahead of schedule,Asha Verma,40
T-1331,PRJ086,PRJ-MEP,In Progress,Structural Installation,Roof,02/28/2024,03/15/2024,,3.0,Medium,False,Labor Shortage,Medium,123.4,Delay of 3 day(s) associated with labor shortage,Dev Kapoor,40
T-1332,PRJ036,PRJ-INT,In Progress,Flooring Work,North Wing,10/27/2024,11/19/2024,,-2.0,Low,False,None,Medium,60.3,Completed 2 day(s) ahead of schedule,Priya Nair,40
T-1333,PRJ025,PRJ-MEP,Closed,HVAC Installation,West Yard,06/12/2025,06/21/2025,06/22/2025,1.0,Medium,True,Crane Breakdown,Medium,86.9,Delay of 1 day(s) associated with crane breakdown,Suresh Kumar,40
T-1334,PRJ087,PRJ-SITE,Open,Structural Installation,West Yard,12/27/2025,01/10/2026,,-3.0,High,False,None,High,15.0,Completed 3 day(s) ahead of schedule,Meena Pillai,30
T-1335,PRJ074,PRJ-STR,In Progress,Painting and Finishes,Roof,02/07/2025,03/02/2025,,4.0,Low,False,Crane Breakdown,High,73.8,Delay of 4 day(s) associated with crane breakdown,Arjun Desai,40
T-1336,PRJ062,PRJ-MEP,Closed,Site Preparation,Roof,03/19/2025,04/13/2025,04/18/2025,5.0,Medium,True,Crane Breakdown,High,65.6,Delay of 5 day(s) associated with crane breakdown,Lakshmi Iyer,40
T-1337,PRJ096,PRJ-MEP,Closed,Plumbing Work,Grid A5,09/02/2025,09/28/2025,09/23/2025,-5.0,Low,False,None,Low,50.4,Completed 5 day(s) ahead of schedule,Rajan Mehta,40
T-1338,PRJ079,PRJ-SITE,In Progress,HVAC Installation,South Facade,10/20/2025,11/04/2025,,5.0,Medium,False,Weather Delay,Medium,107.4,Delay of 5 day(s) associated with weather delay,Asha Verma,40
T-1339,PRJ087,PRJ-MEP,In Progress,Electrical Installation,Grid A5,07/23/2024,08/06/2024,,7.0,Low,False,Weather Delay,High,65.2,Delay of 7 day(s) associated with weather delay,Dev Kapoor,40
T-1340,PRJ080,PRJ-ARC,Open,Curtain Wall Installation,South Facade,12/25/2025,01/07/2026,,0.0,High,False,None,Low,69.7,Completed on schedule,Priya Nair,40
T-1341,PRJ041,PRJ-ARC,Open,Painting and Finishes,North Wing,01/13/2025,02/03/2025,,-2.0,Low,False,None,Low,63.7,Completed 2 day(s) ahead of schedule,Suresh Kumar,40
T-1342,PRJ007,PRJ-SITE,Open,Site Preparation,Lobby,11/10/2025,11/24/2025,,10.0,High,False,Equipment Failure,High,17.5,Delay of 10 day(s) associated with equipment failure,Meena Pillai,30
T-1343,PRJ061,PRJ-INT,Closed,Concrete Work,Lobby,03/26/2024,04/09/2024,04/10/2024,1.0,High,True,Weather Delay,Medium,41.0,Delay of 1 day(s) associated with weather delay,Arjun Desai,40
T-1344,PRJ077,PRJ-ARC,In Progress,Curtain Wall Installation,South Facade,03/12/2024,03/19/2024,,4.0,Medium,False,Equipment Failure,Medium,103.8,Delay of 4 day(s) associated with equipment failure,Lakshmi Iyer,40
T-1345,PRJ100,PRJ-INT,Closed,Curtain Wall Installation,West Yard,10/07/2025,10/23/2025,10/19/2025,-4.0,High,False,None,High,15.0,Completed 4 day(s) ahead of schedule,Rajan Mehta,40
T-1346,PRJ069,PRJ-SITE,Open,Concrete Work,North Wing,05/05/2025,05/14/2025,,-2.0,High,False,None,Medium,52.0,Completed 2 day(s) ahead of schedule,Asha Verma,40
T-1347,PRJ057,PRJ-SITE,Closed,Underground Utilities,Grid A5,05/07/2024,05/24/2024,05/27/2024,3.0,High,True,Weather Delay,Medium,63.0,Delay of 3 day(s) associated with weather delay,Dev Kapoor,40
T-1348,PRJ058,PRJ-INT,Closed,Curtain Wall Installation,Lobby,10/15/2025,11/11/2025,11/16/2025,5.0,Medium,True,Weather Delay,Low,127.3,Delay of 5 day(s) associated with weather delay,Priya Nair,40
T-1349,PRJ012,PRJ-MEP,Open,Curtain Wall Installation,Roof,03/15/2024,04/08/2024,,6.0,Medium,False,Weather Delay,Medium,98.1,Delay of 6 day(s) associated with weather delay,Suresh Kumar,40
T-1350,PRJ001,PRJ-SITE,Open,Underground Utilities,North Wing,05/13/2025,05/29/2025,,0.0,Low,False,None,Low,58.3,Completed on schedule,Meena Pillai,30
T-1351,PRJ005,PRJ-STR,Open,Electrical Installation,Basement,05/29/2024,06/28/2024,,-2.0,Medium,False,None,Medium,114.1,Completed 2 day(s) ahead of schedule,Arjun Desai,40
T-1352,PRJ091,PRJ-ARC,Closed,Structural Installation,Roof,02/21/2024,03/22/2024,03/26/2024,4.0,Low,True,Weather Delay,High,52.8,Delay of 4 day(s) associated with weather delay,Lakshmi Iyer,40
T-1353,PRJ080,PRJ-SITE,Open,Underground Utilities,Roof,08/11/2025,08/26/2025,,-5.0,Medium,False,None,Low,105.3,Completed 5 day(s) ahead of schedule,Rajan Mehta,40
T-1354,PRJ027,PRJ-SITE,In Progress,Underground Utilities,West Yard,09/10/2025,10/04/2025,,-7.0,Medium,False,None,Low,34.2,Completed 7 day(s) ahead of schedule,Asha Verma,40
T-1355,PRJ043,PRJ-STR,In Progress,HVAC Installation,Basement,03/18/2024,03/30/2024,,7.0,Medium,False,Approval Delay,High,107.2,Delay of 7 day(s) associated with approval delay,Dev Kapoor,40
T-1356,PRJ049,PRJ-ARC,Closed,Curtain Wall Installation,South Facade,03/08/2024,04/04/2024,04/02/2024,-2.0,Medium,False,None,Low,62.8,Completed 2 day(s) ahead of schedule,Priya Nair,40
T-1357,PRJ025,PRJ-ARC,In Progress,Underground Utilities,Basement,03/24/2025,04/06/2025,,2.0,High,False,Design Revision,Medium,44.1,Delay of 2 day(s) associated with design revision,Suresh Kumar,40
T-1358,PRJ043,PRJ-STR,In Progress,Curtain Wall Installation,South Facade,01/21/2024,01/31/2024,,2.0,High,False,Weather Delay,Medium,68.5,Delay of 2 day(s) associated with weather delay,Meena Pillai,30
T-1359,PRJ035,PRJ-ARC,On Hold,Site Preparation,South Facade,06/28/2025,07/04/2025,,6.0,Medium,False,Site Constraint,Medium,83.3,Delay of 6 day(s) associated with site constraint,Arjun Desai,40
T-1360,PRJ070,PRJ-ARC,Open,Electrical Installation,North Wing,10/30/2025,11/25/2025,,-6.0,Medium,False,None,Low,60.2,Completed 6 day(s) ahead of schedule,Lakshmi Iyer,40
T-1361,PRJ076,PRJ-SITE,Closed,Electrical Installation,South Facade,07/02/2025,07/13/2025,07/12/2025,-1.0,High,False,None,Medium,91.6,Completed 1 day(s) ahead of schedule,Rajan Mehta,40
T-1362,PRJ010,PRJ-STR,Open,HVAC Installation,Lobby,06/17/2024,07/12/2024,,-7.0,Low,False,None,Low,57.5,Completed 7 day(s) ahead of schedule,Asha Verma,40
T-1363,PRJ047,PRJ-SITE,In Progress,Site Preparation,Basement,05/18/2024,05/23/2024,,-4.0,Low,False,None,Medium,93.6,Completed 4 day(s) ahead of schedule,Dev Kapoor,40
T-1364,PRJ100,PRJ-MEP,Closed,Structural Installation,South Facade,05/11/2025,05/28/2025,05/29/2025,1.0,Low,True,Equipment Failure,Low,88.3,Delay of 1 day(s) associated with equipment failure,Priya Nair,40
T-1365,PRJ087,PRJ-INT,Closed,Electrical Installation,Basement,02/14/2024,02/28/2024,02/25/2024,-3.0,Medium,False,None,Medium,73.2,Completed 3 day(s) ahead of schedule,Suresh Kumar,40
T-1366,PRJ080,PRJ-INT,Closed,Painting and Finishes,South Facade,01/27/2025,02/11/2025,02/13/2025,2.0,Medium,True,Design Revision,Medium,61.8,Delay of 2 day(s) associated with design revision,Meena Pillai,30
T-1367,PRJ074,PRJ-ARC,In Progress,Plumbing Work,Basement,11/23/2024,11/30/2024,,2.0,High,False,Approval Delay,Low,79.5,Delay of 2 day(s) associated with approval delay,Arjun Desai,40
T-1368,PRJ001,PRJ-SITE,In Progress,Curtain Wall Installation,West Yard,06/27/2025,07/02/2025,,-2.0,Medium,False,None,Low,91.5,Completed 2 day(s) ahead of schedule,Lakshmi Iyer,40
T-1369,PRJ098,PRJ-INT,In Progress,HVAC Installation,Roof,05/27/2024,06/08/2024,,4.0,Medium,False,Design Revision,Low,136.9,Delay of 4 day(s) associated with design revision,Rajan Mehta,40
T-1370,PRJ074,PRJ-SITE,In Progress,Structural Installation,Roof,07/10/2025,07/26/2025,,-3.0,High,False,None,Low,103.2,Completed 3 day(s) ahead of schedule,Asha Verma,40
T-1371,PRJ089,PRJ-ARC,In Progress,Plumbing Work,Lobby,05/25/2025,06/19/2025,,-6.0,High,False,None,Low,104.3,Completed 6 day(s) ahead of schedule,Dev Kapoor,40
T-1372,PRJ091,PRJ-STR,In Progress,Curtain Wall Installation,Roof,06/23/2024,07/08/2024,,9.0,Medium,False,Design Revision,High,167.7,Delay of 9 day(s) associated with design revision,Priya Nair,40
T-1373,PRJ026,PRJ-MEP,In Progress,HVAC Installation,Basement,09/17/2024,09/26/2024,,1.0,Medium,False,Material Delay,Medium,90.5,Delay of 1 day(s) associated with material delay,Suresh Kumar,40
T-1374,PRJ002,PRJ-SITE,In Progress,Concrete Work,North Wing,02/18/2024,02/28/2024,,4.0,Medium,False,Equipment Failure,High,89.5,Delay of 4 day(s) associated with equipment failure,Meena Pillai,30
T-1375,PRJ066,PRJ-STR,In Progress,Structural Installation,Basement,11/24/2024,12/14/2024,,12.0,Low,False,Design Revision,High,96.1,Delay of 12 day(s) associated with design revision,Arjun Desai,40
T-1376,PRJ046,PRJ-STR,Open,Underground Utilities,Roof,07/09/2024,07/24/2024,,-7.0,Low,False,None,Low,44.7,Completed 7 day(s) ahead of schedule,Lakshmi Iyer,40
T-1377,PRJ003,PRJ-STR,Closed,Painting and Finishes,North Wing,03/23/2024,04/20/2024,04/20/2024,-0.0,High,False,None,Medium,61.7,Completed on schedule,Rajan Mehta,40
T-1378,PRJ028,PRJ-MEP,Closed,Painting and Finishes,South Facade,02/12/2025,02/27/2025,02/26/2025,-1.0,Medium,False,None,High,59.8,Completed 1 day(s) ahead of schedule,Asha Verma,40
T-1379,PRJ100,PRJ-STR,Open,Structural Installation,Roof,02/18/2025,03/08/2025,,4.0,Medium,False,Approval Delay,Medium,94.4,Delay of 4 day(s) associated with approval delay,Dev Kapoor,40
T-1380,PRJ037,PRJ-SITE,Closed,Painting and Finishes,Lobby,03/03/2024,03/07/2024,03/08/2024,1.0,Medium,True,Design Revision,Medium,69.8,Delay of 1 day(s) associated with design revision,Priya Nair,40
T-1381,PRJ027,PRJ-STR,Closed,Site Preparation,West Yard,05/15/2024,05/23/2024,05/24/2024,1.0,Medium,True,Approval Delay,Medium,79.1,Delay of 1 day(s) associated with approval delay,Suresh Kumar,40
T-1382,PRJ066,PRJ-STR,Open,Underground Utilities,Roof,03/01/2024,03/27/2024,,-4.0,High,False,None,Low,107.6,Completed 4 day(s) ahead of schedule,Meena Pillai,30
T-1383,PRJ067,PRJ-INT,Open,Site Preparation,Basement,05/10/2025,05/22/2025,,-2.0,High,False,None,Medium,100.9,Completed 2 day(s) ahead of schedule,Arjun Desai,40
T-1384,PRJ034,PRJ-ARC,Open,HVAC Installation,Mechanical,09/03/2024,09/17/2024,,6.0,Medium,False,Crane Breakdown,High,70.1,Delay of 6 day(s) associated with crane breakdown,Lakshmi Iyer,40
T-1385,PRJ085,PRJ-SITE,Open,Plumbing Work,Grid A5,02/21/2024,03/11/2024,,8.0,Medium,False,Material Delay,High,54.9,Delay of 8 day(s) associated with material delay,Rajan Mehta,40
T-1386,PRJ059,PRJ-INT,Closed,Structural Installation,Mechanical,05/19/2024,05/23/2024,05/23/2024,-0.0,High,False,None,Low,109.1,Completed on schedule,Asha Verma,40
T-1387,PRJ017,PRJ-MEP,On Hold,Painting and Finishes,Roof,12/13/2025,12/30/2025,,2.0,Medium,False,Equipment Failure,Medium,98.2,Delay of 2 day(s) associated with equipment failure,Dev Kapoor,40
T-1388,PRJ033,PRJ-ARC,Open,Structural Installation,West Yard,07/05/2024,07/17/2024,,-4.0,High,False,None,Low,26.8,Completed 4 day(s) ahead of schedule,Priya Nair,40
T-1389,PRJ085,PRJ-ARC,Closed,Concrete Work,Grid A5,05/14/2025,05/21/2025,06/01/2025,11.0,Low,True,Weather Delay,High,65.6,Delay of 11 day(s) associated with weather delay,Suresh Kumar,40
T-1390,PRJ009,PRJ-STR,Open,Flooring Work,Grid A5,12/07/2024,12/21/2024,,-2.0,High,False,None,Low,80.0,Completed 2 day(s) ahead of schedule,Meena Pillai,30
T-1391,PRJ002,PRJ-SITE,In Progress,Plumbing Work,Mechanical,05/12/2024,05/27/2024,,10.0,Medium,False,Labor Shortage,High,98.4,Delay of 10 day(s) associated with labor shortage,Arjun Desai,40
T-1392,PRJ066,PRJ-SITE,Closed,Site Preparation,Mechanical,08/12/2024,08/20/2024,08/22/2024,2.0,Low,True,Equipment Failure,High,102.3,Delay of 2 day(s) associated with equipment failure,Lakshmi Iyer,40
T-1393,PRJ045,PRJ-ARC,In Progress,Curtain Wall Installation,Lobby,01/11/2024,01/29/2024,,-1.0,Medium,False,None,Low,83.5,Completed 1 day(s) ahead of schedule,Rajan Mehta,40
T-1394,PRJ026,PRJ-MEP,Open,Plumbing Work,South Facade,06/29/2025,07/22/2025,,1.0,Medium,False,Equipment Failure,Low,92.6,Delay of 1 day(s) associated with equipment failure,Asha Verma,40
T-1395,PRJ048,PRJ-INT,In Progress,Electrical Installation,South Facade,09/01/2024,09/11/2024,,6.0,Low,False,Material Delay,High,76.9,Delay of 6 day(s) associated with material delay,Dev Kapoor,40
T-1396,PRJ019,PRJ-SITE,On Hold,Electrical Installation,Lobby,12/30/2024,01/29/2025,,-2.0,Medium,False,None,Low,54.8,Completed 2 day(s) ahead of schedule,Priya Nair,40
T-1397,PRJ038,PRJ-SITE,In Progress,Flooring Work,Lobby,04/21/2024,05/11/2024,,-2.0,High,False,None,Medium,67.2,Completed 2 day(s) ahead of schedule,Suresh Kumar,40
T-1398,PRJ024,PRJ-MEP,Open,Underground Utilities,North Wing,08/24/2025,09/17/2025,,6.0,Medium,False,Approval Delay,High,75.6,Delay of 6 day(s) associated with approval delay,Meena Pillai,30
T-1399,PRJ059,PRJ-ARC,Open,Structural Installation,Basement,06/08/2024,06/12/2024,,4.0,Medium,False,Equipment Failure,Medium,74.0,Delay of 4 day(s) associated with equipment failure,Arjun Desai,40
T-1400,PRJ068,PRJ-INT,In Progress,Structural Installation,Basement,02/17/2025,03/13/2025,,1.0,Medium,False,Weather Delay,Low,18.4,Delay of 1 day(s) associated with weather delay,Lakshmi Iyer,40
T-1401,PRJ092,PRJ-ARC,In Progress,Electrical Installation,West Yard,09/29/2025,10/11/2025,,6.0,Medium,False,Equipment Failure,Medium,63.1,Delay of 6 day(s) associated with equipment failure,Rajan Mehta,40
T-1402,PRJ007,PRJ-STR,Closed,Electrical Installation,Grid A5,06/04/2025,06/26/2025,06/23/2025,-3.0,High,False,None,Low,76.7,Completed 3 day(s) ahead of schedule,Asha Verma,40
T-1403,PRJ033,PRJ-SITE,Closed,Plumbing Work,Basement,03/16/2025,04/10/2025,04/11/2025,1.0,High,True,Site Constraint,High,66.6,Delay of 1 day(s) associated with site constraint,Dev Kapoor,40
T-1404,PRJ027,PRJ-MEP,Closed,Electrical Installation,Basement,10/10/2025,10/20/2025,10/22/2025,2.0,Low,True,Approval Delay,Low,67.6,Delay of 2 day(s) associated with approval delay,Priya Nair,40
T-1405,PRJ058,PRJ-MEP,Closed,Painting and Finishes,Mechanical,05/08/2024,05/18/2024,05/17/2024,-1.0,High,False,None,Low,89.6,Completed 1 day(s) ahead of schedule,Suresh Kumar,40
T-1406,PRJ054,PRJ-STR,Open,Curtain Wall Installation,South Facade,12/04/2025,12/08/2025,,-7.0,High,False,None,Low,42.6,Completed 7 day(s) ahead of schedule,Meena Pillai,30
T-1407,PRJ088,PRJ-MEP,In Progress,Underground Utilities,Grid A5,02/10/2025,03/01/2025,,-1.0,Medium,False,None,High,26.2,Completed 1 day(s) ahead of schedule,Arjun Desai,40
T-1408,PRJ092,PRJ-STR,In Progress,Site Preparation,Roof,10/26/2024,11/19/2024,,-1.0,High,False,None,Low,64.6,Completed 1 day(s) ahead of schedule,Lakshmi Iyer,40
T-1409,PRJ078,PRJ-SITE,In Progress,Electrical Installation,Roof,07/05/2024,07/19/2024,,6.0,Low,False,Equipment Failure,High,97.9,Delay of 6 day(s) associated with equipment failure,Rajan Mehta,40
T-1410,PRJ020,PRJ-ARC,On Hold,Flooring Work,Grid A5,06/27/2025,07/04/2025,,5.0,High,False,Approval Delay,Medium,125.6,Delay of 5 day(s) associated with approval delay,Asha Verma,40
T-1411,PRJ005,PRJ-MEP,Closed,Plumbing Work,North Wing,12/13/2025,12/24/2025,12/31/2025,7.0,Medium,True,Approval Delay,High,98.5,Delay of 7 day(s) associated with approval delay,Dev Kapoor,40
T-1412,PRJ090,PRJ-SITE,On Hold,Curtain Wall Installation,South Facade,05/18/2025,06/01/2025,,7.0,Medium,False,Weather Delay,High,31.0,Delay of 7 day(s) associated with weather delay,Priya Nair,40
T-1413,PRJ095,PRJ-SITE,In Progress,Site Preparation,West Yard,01/24/2024,02/21/2024,,9.0,Low,False,Equipment Failure,High,68.0,Delay of 9 day(s) associated with equipment failure,Suresh Kumar,40
T-1414,PRJ026,PRJ-STR,In Progress,Flooring Work,Lobby,12/08/2024,12/14/2024,,-2.0,High,False,None,High,82.7,Completed 2 day(s) ahead of schedule,Meena Pillai,30
T-1415,PRJ005,PRJ-STR,In Progress,Concrete Work,Roof,06/18/2025,06/30/2025,,1.0,Low,False,Design Revision,Low,80.3,Delay of 1 day(s) associated with design revision,Arjun Desai,40
T-1416,PRJ069,PRJ-INT,Open,Plumbing Work,South Facade,10/17/2024,11/06/2024,,4.0,Low,False,Weather Delay,Medium,91.2,Delay of 4 day(s) associated with weather delay,Lakshmi Iyer,40
T-1417,PRJ059,PRJ-STR,Open,Flooring Work,Roof,07/18/2025,07/27/2025,,-5.0,Low,False,None,Medium,47.5,Completed 5 day(s) ahead of schedule,Rajan Mehta,40
T-1418,PRJ089,PRJ-MEP,In Progress,Structural Installation,Lobby,05/31/2025,06/27/2025,,-2.0,High,False,None,Medium,76.9,Completed 2 day(s) ahead of schedule,Asha Verma,40
T-1419,PRJ058,PRJ-MEP,Open,Electrical Installation,West Yard,02/19/2024,03/18/2024,,2.0,Low,False,Site Constraint,High,87.6,Delay of 2 day(s) associated with site constraint,Dev Kapoor,40
T-1420,PRJ077,PRJ-MEP,On Hold,Painting and Finishes,Mechanical,02/11/2025,02/24/2025,,7.0,High,False,Weather Delay,High,99.8,Delay of 7 day(s) associated with weather delay,Priya Nair,40
T-1421,PRJ079,PRJ-STR,Open,Flooring Work,Basement,05/05/2024,05/28/2024,,4.0,Medium,False,Approval Delay,Medium,50.8,Delay of 4 day(s) associated with approval delay,Suresh Kumar,40
T-1422,PRJ001,PRJ-SITE,Open,Plumbing Work,West Yard,12/21/2024,01/14/2025,,7.0,Low,False,Material Delay,Medium,64.6,Delay of 7 day(s) associated with material delay,Meena Pillai,30
T-1423,PRJ015,PRJ-SITE,Closed,Electrical Installation,North Wing,10/07/2024,10/29/2024,10/24/2024,-5.0,Low,False,None,Medium,15.0,Completed 5 day(s) ahead of schedule,Arjun Desai,40
T-1424,PRJ079,PRJ-MEP,Open,Curtain Wall Installation,Grid A5,08/12/2025,08/20/2025,,-1.0,Low,False,None,Low,56.4,Completed 1 day(s) ahead of schedule,Lakshmi Iyer,40
T-1425,PRJ018,PRJ-STR,On Hold,Structural Installation,North Wing,09/25/2025,09/29/2025,,2.0,Medium,False,Design Revision,Low,59.3,Delay of 2 day(s) associated with design revision,Rajan Mehta,40
T-1426,PRJ021,PRJ-INT,Closed,Flooring Work,Grid A5,12/02/2024,12/14/2024,12/10/2024,-4.0,High,False,None,Low,44.4,Completed 4 day(s) ahead of schedule,Asha Verma,40
T-1427,PRJ076,PRJ-ARC,Open,Flooring Work,Mechanical,01/27/2025,02/02/2025,,0.0,Low,False,None,Low,80.0,Completed on schedule,Dev Kapoor,40
T-1428,PRJ021,PRJ-ARC,Closed,Underground Utilities,Lobby,04/02/2025,04/13/2025,04/10/2025,-3.0,High,False,None,Low,73.3,Completed 3 day(s) ahead of schedule,Priya Nair,40
T-1429,PRJ015,PRJ-INT,Closed,Plumbing Work,Grid A5,04/23/2025,05/13/2025,05/16/2025,3.0,Low,True,Crane Breakdown,Medium,15.0,Delay of 3 day(s) associated with crane breakdown,Suresh Kumar,40
T-1430,PRJ002,PRJ-SITE,Closed,Plumbing Work,West Yard,04/08/2025,04/27/2025,04/30/2025,3.0,High,True,Labor Shortage,Medium,81.5,Delay of 3 day(s) associated with labor shortage,Meena Pillai,30
T-1431,PRJ047,PRJ-SITE,Closed,Electrical Installation,Lobby,07/25/2025,08/02/2025,07/30/2025,-3.0,High,False,None,High,47.2,Completed 3 day(s) ahead of schedule,Arjun Desai,40
T-1432,PRJ064,PRJ-MEP,Closed,Structural Installation,West Yard,12/17/2025,12/20/2025,12/22/2025,2.0,High,True,Material Delay,Medium,89.6,Delay of 2 day(s) associated with material delay,Lakshmi Iyer,40
T-1433,PRJ074,PRJ-INT,In Progress,Concrete Work,Roof,08/27/2025,09/05/2025,,-0.0,Medium,False,None,Low,36.5,Completed on schedule,Rajan Mehta,40
T-1434,PRJ091,PRJ-MEP,In Progress,Underground Utilities,Lobby,04/08/2024,04/23/2024,,-1.0,High,False,None,Low,75.9,Completed 1 day(s) ahead of schedule,Asha Verma,40
T-1435,PRJ066,PRJ-STR,Closed,Flooring Work,North Wing,12/13/2024,01/06/2025,01/07/2025,1.0,Low,True,Labor Shortage,Low,66.5,Delay of 1 day(s) associated with labor shortage,Dev Kapoor,40
T-1436,PRJ076,PRJ-MEP,On Hold,Site Preparation,Mechanical,12/02/2024,12/15/2024,,9.0,Low,False,Crane Breakdown,High,84.1,Delay of 9 day(s) associated with crane breakdown,Priya Nair,40
T-1437,PRJ022,PRJ-STR,In Progress,Curtain Wall Installation,Mechanical,01/06/2025,01/17/2025,,0.0,Low,False,None,Low,78.7,Completed on schedule,Suresh Kumar,40
T-1438,PRJ035,PRJ-STR,Closed,Flooring Work,West Yard,01/20/2025,02/07/2025,02/07/2025,-0.0,Medium,False,None,Medium,67.3,Completed on schedule,Meena Pillai,30
T-1439,PRJ031,PRJ-MEP,In Progress,Structural Installation,North Wing,06/08/2025,06/13/2025,,-4.0,Medium,False,None,High,28.9,Completed 4 day(s) ahead of schedule,Arjun Desai,40
T-1440,PRJ007,PRJ-MEP,Closed,Concrete Work,North Wing,11/03/2024,11/12/2024,11/12/2024,0.0,Medium,False,None,High,30.7,Completed on schedule,Lakshmi Iyer,40
T-1441,PRJ097,PRJ-SITE,On Hold,Structural Installation,Lobby,07/11/2024,07/15/2024,,-2.0,High,False,None,Low,57.5,Completed 2 day(s) ahead of schedule,Rajan Mehta,40
T-1442,PRJ025,PRJ-MEP,Open,Electrical Installation,West Yard,11/30/2024,12/17/2024,,-5.0,Low,False,None,Low,74.8,Completed 5 day(s) ahead of schedule,Asha Verma,40
T-1443,PRJ045,PRJ-SITE,Open,Curtain Wall Installation,Mechanical,09/15/2025,09/30/2025,,2.0,Medium,False,Weather Delay,Low,56.8,Delay of 2 day(s) associated with weather delay,Dev Kapoor,40
T-1444,PRJ036,PRJ-SITE,In Progress,Structural Installation,Mechanical,08/15/2024,09/03/2024,,2.0,Low,False,Crane Breakdown,Low,93.8,Delay of 2 day(s) associated with crane breakdown,Priya Nair,40
T-1445,PRJ005,PRJ-INT,In Progress,Underground Utilities,Basement,01/16/2024,02/05/2024,,-2.0,Medium,False,None,Low,66.6,Completed 2 day(s) ahead of schedule,Suresh Kumar,40
T-1446,PRJ091,PRJ-SITE,In Progress,Site Preparation,Grid A5,12/13/2025,12/27/2025,,-2.0,Medium,False,None,Medium,46.0,Completed 2 day(s) ahead of schedule,Meena Pillai,30
T-1447,PRJ022,PRJ-MEP,Open,Painting and Finishes,South Facade,05/22/2024,06/18/2024,,3.0,High,False,Weather Delay,High,66.7,Delay of 3 day(s) associated with weather delay,Arjun Desai,40
T-1448,PRJ011,PRJ-MEP,In Progress,HVAC Installation,South Facade,03/16/2025,04/13/2025,,5.0,Medium,False,Site Constraint,Medium,81.8,Delay of 5 day(s) associated with site constraint,Lakshmi Iyer,40
T-1449,PRJ035,PRJ-STR,In Progress,Painting and Finishes,Lobby,08/07/2025,08/13/2025,,-0.0,Low,False,None,Medium,84.7,Completed on schedule,Rajan Mehta,40
T-1450,PRJ015,PRJ-INT,In Progress,Painting and Finishes,Roof,07/19/2024,08/16/2024,,2.0,Medium,False,Design Revision,Low,131.4,Delay of 2 day(s) associated with design revision,Asha Verma,40
T-1451,PRJ100,PRJ-MEP,Closed,HVAC Installation,South Facade,09/05/2024,09/13/2024,09/18/2024,5.0,Low,True,Equipment Failure,High,54.9,Delay of 5 day(s) associated with equipment failure,Dev Kapoor,40
T-1452,PRJ019,PRJ-INT,Closed,Electrical Installation,North Wing,07/23/2024,08/01/2024,07/25/2024,-7.0,High,False,None,Medium,72.8,Completed 7 day(s) ahead of schedule,Priya Nair,40
T-1453,PRJ031,PRJ-MEP,Closed,Plumbing Work,South Facade,04/19/2024,05/06/2024,05/09/2024,3.0,Medium,True,Crane Breakdown,High,87.8,Delay of 3 day(s) associated with crane breakdown,Suresh Kumar,40
T-1454,PRJ028,PRJ-STR,Closed,Flooring Work,Basement,04/21/2024,04/24/2024,04/26/2024,2.0,Low,True,Labor Shortage,High,74.3,Delay of 2 day(s) associated with labor shortage,Meena Pillai,30
T-1455,PRJ003,PRJ-INT,Closed,Plumbing Work,North Wing,05/16/2024,05/29/2024,05/26/2024,-3.0,Low,False,None,Low,60.0,Completed 3 day(s) ahead of schedule,Arjun Desai,40
T-1456,PRJ002,PRJ-ARC,In Progress,Plumbing Work,Mechanical,11/30/2024,12/08/2024,,-4.0,Low,False,None,Low,28.5,Completed 4 day(s) ahead of schedule,Lakshmi Iyer,40
T-1457,PRJ052,PRJ-ARC,Closed,Curtain Wall Installation,Basement,01/22/2025,02/07/2025,02/03/2025,-4.0,High,False,None,Low,59.7,Completed 4 day(s) ahead of schedule,Rajan Mehta,40
T-1458,PRJ024,PRJ-SITE,Open,Site Preparation,Roof,01/12/2024,02/06/2024,,5.0,Medium,False,Site Constraint,Medium,42.8,Delay of 5 day(s) associated with site constraint,Asha Verma,40
T-1459,PRJ009,PRJ-SITE,In Progress,Painting and Finishes,West Yard,09/09/2025,10/07/2025,,-0.0,High,False,None,High,23.2,Completed on schedule,Dev Kapoor,40
T-1460,PRJ030,PRJ-SITE,In Progress,Flooring Work,Grid A5,05/08/2025,05/16/2025,,-1.0,Medium,False,None,Low,51.1,Completed 1 day(s) ahead of schedule,Priya Nair,40
T-1461,PRJ028,PRJ-STR,Closed,Painting and Finishes,West Yard,02/21/2024,03/10/2024,03/15/2024,5.0,Medium,True,Weather Delay,Medium,43.6,Delay of 5 day(s) associated with weather delay,Suresh Kumar,40
T-1462,PRJ043,PRJ-ARC,Closed,Plumbing Work,North Wing,09/07/2025,09/23/2025,09/23/2025,-0.0,Low,False,None,Medium,92.5,Completed on schedule,Meena Pillai,30
T-1463,PRJ100,PRJ-INT,Open,Structural Installation,Mechanical,01/23/2024,02/06/2024,,4.0,High,False,Design Revision,Low,93.0,Delay of 4 day(s) associated with design revision,Arjun Desai,40
T-1464,PRJ031,PRJ-INT,In Progress,HVAC Installation,Lobby,02/13/2025,03/05/2025,,-2.0,Medium,False,None,Low,47.9,Completed 2 day(s) ahead of schedule,Lakshmi Iyer,40
T-1465,PRJ071,PRJ-INT,Open,Curtain Wall Installation,West Yard,12/05/2024,01/04/2025,,6.0,Medium,False,Labor Shortage,Medium,67.2,Delay of 6 day(s) associated with labor shortage,Rajan Mehta,40
T-1466,PRJ077,PRJ-MEP,Closed,Flooring Work,Roof,01/01/2025,01/15/2025,01/14/2025,-1.0,Medium,False,None,Medium,19.3,Completed 1 day(s) ahead of schedule,Asha Verma,40
T-1467,PRJ006,PRJ-STR,Closed,Structural Installation,Mechanical,11/29/2025,12/03/2025,12/03/2025,0.0,Medium,False,None,Medium,60.2,Completed on schedule,Dev Kapoor,40
T-1468,PRJ051,PRJ-MEP,In Progress,HVAC Installation,South Facade,11/07/2025,12/05/2025,,-2.0,High,False,None,Low,87.0,Completed 2 day(s) ahead of schedule,Priya Nair,40
T-1469,PRJ045,PRJ-STR,In Progress,Curtain Wall Installation,Grid A5,07/22/2024,08/20/2024,,1.0,Low,False,Weather Delay,Medium,99.7,Delay of 1 day(s) associated with weather delay,Suresh Kumar,40
T-1470,PRJ051,PRJ-MEP,In Progress,Plumbing Work,North Wing,02/27/2025,03/11/2025,,-2.0,Medium,False,None,Low,53.6,Completed 2 day(s) ahead of schedule,Meena Pillai,30
T-1471,PRJ018,PRJ-ARC,In Progress,Site Preparation,Roof,12/01/2025,12/18/2025,,9.0,Medium,False,Site Constraint,High,106.6,Delay of 9 day(s) associated with site constraint,Arjun Desai,40
T-1472,PRJ047,PRJ-STR,Closed,Flooring Work,Roof,06/16/2025,07/13/2025,07/08/2025,-5.0,Medium,False,None,Low,29.5,Completed 5 day(s) ahead of schedule,Lakshmi Iyer,40
T-1473,PRJ013,PRJ-STR,Closed,Electrical Installation,South Facade,10/10/2025,10/27/2025,10/22/2025,-5.0,Low,False,None,Low,37.6,Completed 5 day(s) ahead of schedule,Rajan Mehta,40
T-1474,PRJ095,PRJ-SITE,In Progress,Curtain Wall Installation,Grid A5,11/13/2024,11/29/2024,,2.0,Low,False,Approval Delay,Medium,96.3,Delay of 2 day(s) associated with approval delay,Asha Verma,40
T-1475,PRJ059,PRJ-ARC,In Progress,Concrete Work,South Facade,07/25/2024,08/22/2024,,7.0,Medium,False,Equipment Failure,Medium,125.1,Delay of 7 day(s) associated with equipment failure,Dev Kapoor,40
T-1476,PRJ004,PRJ-INT,Open,Painting and Finishes,Basement,01/07/2025,02/02/2025,,5.0,Medium,False,Equipment Failure,Medium,89.8,Delay of 5 day(s) associated with equipment failure,Priya Nair,40
T-1477,PRJ051,PRJ-SITE,Open,Painting and Finishes,Grid A5,08/19/2025,09/05/2025,,-2.0,Medium,False,None,Medium,73.8,Completed 2 day(s) ahead of schedule,Suresh Kumar,40
T-1478,PRJ093,PRJ-INT,Open,HVAC Installation,Lobby,11/09/2025,11/16/2025,,-2.0,Medium,False,None,High,15.0,Completed 2 day(s) ahead of schedule,Meena Pillai,30
T-1479,PRJ075,PRJ-SITE,In Progress,HVAC Installation,Roof,05/15/2025,05/30/2025,,-0.0,Medium,False,None,Medium,15.0,Completed on schedule,Arjun Desai,40
T-1480,PRJ028,PRJ-STR,On Hold,Underground Utilities,West Yard,05/30/2025,06/20/2025,,9.0,Medium,False,Labor Shortage,Medium,78.9,Delay of 9 day(s) associated with labor shortage,Lakshmi Iyer,40
T-1481,PRJ090,PRJ-ARC,In Progress,Site Preparation,Lobby,01/08/2025,01/18/2025,,4.0,Medium,False,Equipment Failure,Medium,64.3,Delay of 4 day(s) associated with equipment failure,Rajan Mehta,40
T-1482,PRJ019,PRJ-STR,Open,Flooring Work,Grid A5,08/21/2024,09/08/2024,,-7.0,Low,False,None,Low,41.8,Completed 7 day(s) ahead of schedule,Asha Verma,40
T-1483,PRJ025,PRJ-STR,Open,Curtain Wall Installation,South Facade,11/04/2024,11/25/2024,,-0.0,Medium,False,None,Medium,77.0,Completed on schedule,Dev Kapoor,40
T-1484,PRJ016,PRJ-MEP,In Progress,HVAC Installation,West Yard,12/29/2024,01/03/2025,,-4.0,Medium,False,None,Low,78.5,Completed 4 day(s) ahead of schedule,Priya Nair,40
T-1485,PRJ093,PRJ-STR,Closed,Flooring Work,Roof,08/18/2025,09/05/2025,09/06/2025,1.0,Low,True,Material Delay,Medium,103.3,Delay of 1 day(s) associated with material delay,Suresh Kumar,40
T-1486,PRJ072,PRJ-MEP,In Progress,HVAC Installation,Basement,02/09/2025,03/04/2025,,4.0,Medium,False,Site Constraint,Low,79.1,Delay of 4 day(s) associated with site constraint,Meena Pillai,30
T-1487,PRJ052,PRJ-INT,Closed,Site Preparation,South Facade,08/01/2025,08/10/2025,08/10/2025,0.0,Medium,False,None,High,111.9,Completed on schedule,Arjun Desai,40
T-1488,PRJ067,PRJ-STR,Closed,Underground Utilities,South Facade,01/20/2024,02/07/2024,02/02/2024,-5.0,Low,False,None,Medium,75.2,Completed 5 day(s) ahead of schedule,Lakshmi Iyer,40
T-1489,PRJ026,PRJ-SITE,Open,Electrical Installation,Basement,07/06/2025,07/28/2025,,0.0,Medium,False,None,High,71.5,Completed on schedule,Rajan Mehta,40
T-1490,PRJ008,PRJ-SITE,Closed,Site Preparation,Roof,01/05/2025,01/09/2025,01/11/2025,2.0,Medium,True,Weather Delay,Medium,106.9,Delay of 2 day(s) associated with weather delay,Asha Verma,40
T-1491,PRJ085,PRJ-SITE,On Hold,Curtain Wall Installation,Lobby,12/29/2025,01/19/2026,,2.0,Medium,False,Crane Breakdown,Low,45.6,Delay of 2 day(s) associated with crane breakdown,Dev Kapoor,40
T-1492,PRJ097,PRJ-STR,In Progress,Underground Utilities,North Wing,12/10/2024,12/20/2024,,10.0,Medium,False,Equipment Failure,High,159.4,Delay of 10 day(s) associated with equipment failure,Priya Nair,40
T-1493,PRJ004,PRJ-INT,Open,Electrical Installation,North Wing,12/15/2024,12/29/2024,,5.0,Medium,False,Equipment Failure,Medium,86.3,Delay of 5 day(s) associated with equipment failure,Suresh Kumar,40
T-1494,PRJ006,PRJ-INT,On Hold,HVAC Installation,Lobby,04/03/2024,04/24/2024,,-1.0,Medium,False,None,Medium,86.4,Completed 1 day(s) ahead of schedule,Meena Pillai,30
T-1495,PRJ056,PRJ-INT,Closed,Structural Installation,Basement,08/12/2025,08/15/2025,08/19/2025,4.0,High,True,Site Constraint,Medium,90.8,Delay of 4 day(s) associated with site constraint,Arjun Desai,40
T-1496,PRJ005,PRJ-MEP,In Progress,HVAC Installation,Mechanical,05/27/2025,05/30/2025,,3.0,Medium,False,Material Delay,Medium,131.3,Delay of 3 day(s) associated with material delay,Lakshmi Iyer,40
T-1497,PRJ073,PRJ-MEP,In Progress,Painting and Finishes,West Yard,09/21/2025,10/06/2025,,8.0,Medium,False,Material Delay,High,98.8,Delay of 8 day(s) associated with material delay,Rajan Mehta,40
T-1498,PRJ095,PRJ-MEP,Open,Flooring Work,South Facade,03/08/2024,04/06/2024,,-6.0,Medium,False,None,Medium,26.8,Completed 6 day(s) ahead of schedule,Asha Verma,40
T-1499,PRJ028,PRJ-INT,Closed,Structural Installation,North Wing,06/03/2024,06/06/2024,06/05/2024,-1.0,Medium,False,None,Low,117.1,Completed 1 day(s) ahead of schedule,Dev Kapoor,40
T-1500,PRJ030,PRJ-SITE,In Progress,Curtain Wall Installation,Basement,10/02/2025,10/27/2025,,2.0,Medium,False,Labor Shortage,Medium,64.8,Delay of 2 day(s) associated with labor shortage,Priya Nair,40
T-1501,PRJ087,PRJ-SITE,Open,Concrete Work,South Facade,01/31/2024,02/05/2024,,4.0,Medium,False,Material Delay,Medium,78.2,Delay of 4 day(s) associated with material delay,Suresh Kumar,40
T-1502,PRJ036,PRJ-INT,Closed,Electrical Installation,South Facade,01/05/2025,01/21/2025,01/16/2025,-5.0,High,False,None,High,36.6,Completed 5 day(s) ahead of schedule,Meena Pillai,30
T-1503,PRJ025,PRJ-INT,On Hold,Flooring Work,Roof,10/22/2024,11/06/2024,,1.0,High,False,Approval Delay,Low,90.8,Delay of 1 day(s) associated with approval delay,Arjun Desai,40
T-1504,PRJ009,PRJ-MEP,Closed,Flooring Work,Basement,11/16/2025,12/02/2025,11/27/2025,-5.0,Medium,False,None,Medium,55.5,Completed 5 day(s) ahead of schedule,Lakshmi Iyer,40
T-1505,PRJ084,PRJ-INT,In Progress,HVAC Installation,Basement,09/17/2025,09/22/2025,,6.0,Medium,False,Material Delay,High,78.0,Delay of 6 day(s) associated with material delay,Rajan Mehta,40
T-1506,PRJ093,PRJ-SITE,Open,Flooring Work,Roof,10/16/2025,11/09/2025,,2.0,High,False,Approval Delay,Medium,66.5,Delay of 2 day(s) associated with approval delay,Asha Verma,40
T-1507,PRJ008,PRJ-MEP,On Hold,HVAC Installation,North Wing,07/30/2024,08/09/2024,,11.0,Medium,False,Material Delay,Medium,132.8,Delay of 11 day(s) associated with material delay,Dev Kapoor,40
T-1508,PRJ081,PRJ-STR,On Hold,Flooring Work,Roof,03/04/2025,03/28/2025,,4.0,High,False,Design Revision,Medium,134.5,Delay of 4 day(s) associated with design revision,Priya Nair,40
T-1509,PRJ016,PRJ-STR,In Progress,Flooring Work,Basement,05/26/2025,06/16/2025,,2.0,Medium,False,Site Constraint,Low,76.4,Delay of 2 day(s) associated with site constraint,Suresh Kumar,40
T-1510,PRJ014,PRJ-STR,Closed,Concrete Work,Grid A5,12/07/2025,12/25/2025,12/30/2025,5.0,Low,True,Labor Shortage,Medium,76.9,Delay of 5 day(s) associated with labor shortage,Meena Pillai,30
T-1511,PRJ039,PRJ-INT,In Progress,Site Preparation,West Yard,01/06/2024,01/17/2024,,-6.0,Low,False,None,Low,63.8,Completed 6 day(s) ahead of schedule,Arjun Desai,40
T-1512,PRJ044,PRJ-INT,In Progress,Structural Installation,Grid A5,12/14/2025,01/04/2026,,2.0,High,False,Equipment Failure,Low,108.2,Delay of 2 day(s) associated with equipment failure,Lakshmi Iyer,40
T-1513,PRJ086,PRJ-SITE,Open,HVAC Installation,West Yard,09/16/2024,10/16/2024,,4.0,Low,False,Labor Shortage,Medium,65.1,Delay of 4 day(s) associated with labor shortage,Rajan Mehta,40
T-1514,PRJ070,PRJ-SITE,Open,Electrical Installation,South Facade,04/03/2024,05/01/2024,,-1.0,Medium,False,None,Medium,62.4,Completed 1 day(s) ahead of schedule,Asha Verma,40
T-1515,PRJ015,PRJ-STR,Open,Curtain Wall Installation,Mechanical,03/25/2025,04/22/2025,,1.0,Medium,False,Weather Delay,High,104.4,Delay of 1 day(s) associated with weather delay,Dev Kapoor,40
T-1516,PRJ059,PRJ-SITE,Closed,Flooring Work,Basement,07/24/2025,08/02/2025,08/02/2025,0.0,Low,False,None,Low,58.9,Completed on schedule,Priya Nair,40
T-1517,PRJ088,PRJ-MEP,Open,Concrete Work,North Wing,04/04/2024,04/23/2024,,-6.0,Medium,False,None,Low,73.9,Completed 6 day(s) ahead of schedule,Suresh Kumar,40
T-1518,PRJ067,PRJ-INT,Open,HVAC Installation,West Yard,01/30/2024,02/13/2024,,0.0,Medium,False,None,High,27.6,Completed on schedule,Meena Pillai,30
T-1519,PRJ023,PRJ-MEP,In Progress,Concrete Work,Basement,10/16/2025,11/15/2025,,0.0,Low,False,None,Low,96.1,Completed on schedule,Arjun Desai,40
T-1520,PRJ013,PRJ-MEP,Open,Concrete Work,Grid A5,11/12/2025,12/11/2025,,2.0,High,False,Site Constraint,Low,133.2,Delay of 2 day(s) associated with site constraint,Lakshmi Iyer,40
T-1521,PRJ046,PRJ-STR,Open,Site Preparation,North Wing,04/24/2024,05/21/2024,,-4.0,High,False,None,Low,96.6,Completed 4 day(s) ahead of schedule,Rajan Mehta,40
T-1522,PRJ048,PRJ-SITE,In Progress,Structural Installation,Lobby,10/21/2025,10/28/2025,,1.0,Medium,False,Weather Delay,Medium,118.9,Delay of 1 day(s) associated with weather delay,Asha Verma,40
T-1523,PRJ036,PRJ-STR,In Progress,HVAC Installation,Lobby,10/26/2025,11/06/2025,,4.0,Low,False,Site Constraint,High,49.6,Delay of 4 day(s) associated with site constraint,Dev Kapoor,40
T-1524,PRJ011,PRJ-STR,Closed,Painting and Finishes,Lobby,12/29/2025,01/20/2026,01/23/2026,3.0,Medium,True,Material Delay,Medium,82.1,Delay of 3 day(s) associated with material delay,Priya Nair,40
T-1525,PRJ012,PRJ-INT,On Hold,Painting and Finishes,West Yard,06/06/2024,06/29/2024,,10.0,Low,False,Crane Breakdown,Medium,46.7,Delay of 10 day(s) associated with crane breakdown,Suresh Kumar,40
T-1526,PRJ053,PRJ-STR,Open,Structural Installation,North Wing,02/26/2025,03/10/2025,,-7.0,Medium,False,None,Low,68.2,Completed 7 day(s) ahead of schedule,Meena Pillai,30
T-1527,PRJ095,PRJ-STR,On Hold,Underground Utilities,Roof,12/26/2025,01/01/2026,,3.0,High,False,Crane Breakdown,Low,98.2,Delay of 3 day(s) associated with crane breakdown,Arjun Desai,40
T-1528,PRJ060,PRJ-INT,On Hold,Structural Installation,South Facade,10/20/2025,10/26/2025,,-0.0,High,False,None,Medium,78.1,Completed on schedule,Lakshmi Iyer,40
T-1529,PRJ044,PRJ-INT,Closed,HVAC Installation,Basement,03/17/2025,04/08/2025,04/06/2025,-2.0,High,False,None,Low,32.6,Completed 2 day(s) ahead of schedule,Rajan Mehta,40
T-1530,PRJ094,PRJ-STR,Closed,Site Preparation,Mechanical,05/23/2024,06/07/2024,05/31/2024,-7.0,Medium,False,None,Low,35.5,Completed 7 day(s) ahead of schedule,Asha Verma,40
T-1531,PRJ070,PRJ-SITE,Closed,Concrete Work,Lobby,03/02/2024,03/18/2024,03/11/2024,-7.0,Medium,False,None,Low,33.6,Completed 7 day(s) ahead of schedule,Dev Kapoor,40
T-1532,PRJ072,PRJ-SITE,Closed,Site Preparation,Grid A5,07/08/2024,08/02/2024,07/29/2024,-4.0,Medium,False,None,Low,89.7,Completed 4 day(s) ahead of schedule,Priya Nair,40
T-1533,PRJ058,PRJ-ARC,Closed,Structural Installation,Lobby,02/17/2024,02/20/2024,02/23/2024,3.0,Medium,True,Site Constraint,Medium,136.9,Delay of 3 day(s) associated with site constraint,Suresh Kumar,40
T-1534,PRJ077,PRJ-MEP,Open,Flooring Work,South Facade,05/22/2024,06/15/2024,,3.0,Medium,False,Labor Shortage,Medium,115.9,Delay of 3 day(s) associated with labor shortage,Meena Pillai,30
T-1535,PRJ051,PRJ-SITE,On Hold,Flooring Work,South Facade,02/24/2024,03/05/2024,,1.0,Low,False,Material Delay,Low,18.1,Delay of 1 day(s) associated with material delay,Arjun Desai,40
T-1536,PRJ063,PRJ-INT,In Progress,Painting and Finishes,Roof,07/10/2025,08/08/2025,,4.0,Low,False,Approval Delay,Medium,117.6,Delay of 4 day(s) associated with approval delay,Lakshmi Iyer,40
T-1537,PRJ062,PRJ-MEP,Closed,Site Preparation,Lobby,03/06/2025,04/04/2025,04/01/2025,-3.0,Medium,False,None,Medium,103.1,Completed 3 day(s) ahead of schedule,Rajan Mehta,40
T-1538,PRJ076,PRJ-STR,In Progress,Underground Utilities,Mechanical,01/13/2025,01/30/2025,,2.0,Low,False,Labor Shortage,Medium,28.6,Delay of 2 day(s) associated with labor shortage,Asha Verma,40
T-1539,PRJ090,PRJ-ARC,Open,Site Preparation,Basement,08/13/2025,08/24/2025,,3.0,Low,False,Equipment Failure,High,65.9,Delay of 3 day(s) associated with equipment failure,Dev Kapoor,40
T-1540,PRJ030,PRJ-STR,In Progress,Painting and Finishes,Grid A5,10/26/2024,11/04/2024,,6.0,High,False,Equipment Failure,Medium,107.9,Delay of 6 day(s) associated with equipment failure,Priya Nair,40
T-1541,PRJ070,PRJ-ARC,In Progress,Flooring Work,South Facade,10/21/2024,10/29/2024,,2.0,High,False,Design Revision,High,91.5,Delay of 2 day(s) associated with design revision,Suresh Kumar,40
T-1542,PRJ004,PRJ-ARC,In Progress,Painting and Finishes,Lobby,05/31/2024,06/30/2024,,-7.0,Medium,False,None,Low,35.7,Completed 7 day(s) ahead of schedule,Meena Pillai,30
T-1543,PRJ054,PRJ-INT,In Progress,Site Preparation,West Yard,11/20/2024,11/28/2024,,-1.0,High,False,None,Low,93.3,Completed 1 day(s) ahead of schedule,Arjun Desai,40
T-1544,PRJ090,PRJ-ARC,Open,Flooring Work,Basement,05/07/2024,05/22/2024,,-2.0,High,False,None,Low,15.0,Completed 2 day(s) ahead of schedule,Lakshmi Iyer,40
T-1545,PRJ065,PRJ-INT,In Progress,Structural Installation,Lobby,03/06/2025,03/22/2025,,2.0,Low,False,Crane Breakdown,Medium,68.3,Delay of 2 day(s) associated with crane breakdown,Rajan Mehta,40
T-1546,PRJ027,PRJ-INT,In Progress,HVAC Installation,Mechanical,12/29/2025,01/20/2026,,-0.0,Medium,False,None,Low,109.1,Completed on schedule,Asha Verma,40
T-1547,PRJ061,PRJ-MEP,On Hold,Curtain Wall Installation,South Facade,01/24/2025,02/19/2025,,-1.0,Medium,False,None,Low,75.6,Completed 1 day(s) ahead of schedule,Dev Kapoor,40
T-1548,PRJ036,PRJ-INT,Open,Structural Installation,Roof,08/06/2024,08/24/2024,,6.0,Low,False,Equipment Failure,Medium,60.0,Delay of 6 day(s) associated with equipment failure,Priya Nair,40
T-1549,PRJ044,PRJ-ARC,In Progress,Structural Installation,Basement,05/17/2025,06/10/2025,,-4.0,High,False,None,Low,101.7,Completed 4 day(s) ahead of schedule,Suresh Kumar,40
T-1550,PRJ023,PRJ-INT,In Progress,Site Preparation,Grid A5,08/21/2025,09/08/2025,,-2.0,Medium,False,None,Low,104.2,Completed 2 day(s) ahead of schedule,Meena Pillai,30
T-1551,PRJ063,PRJ-MEP,In Progress,Site Preparation,South Facade,12/10/2024,12/25/2024,,3.0,Medium,False,Crane Breakdown,Low,114.3,Delay of 3 day(s) associated with crane breakdown,Arjun Desai,40
T-1552,PRJ020,PRJ-SITE,In Progress,Electrical Installation,Roof,07/01/2024,07/08/2024,,-3.0,Low,False,None,Medium,101.2,Completed 3 day(s) ahead of schedule,Lakshmi Iyer,40
T-1553,PRJ045,PRJ-INT,Closed,Site Preparation,Grid A5,06/05/2025,06/13/2025,06/17/2025,4.0,Low,True,Equipment Failure,Low,107.4,Delay of 4 day(s) associated with equipment failure,Rajan Mehta,40
T-1554,PRJ094,PRJ-MEP,On Hold,Flooring Work,Roof,05/16/2024,05/31/2024,,4.0,High,False,Design Revision,Low,97.0,Delay of 4 day(s) associated with design revision,Asha Verma,40
T-1555,PRJ076,PRJ-SITE,In Progress,Structural Installation,Lobby,12/29/2025,01/02/2026,,3.0,Low,False,Weather Delay,Low,83.0,Delay of 3 day(s) associated with weather delay,Dev Kapoor,40
T-1556,PRJ042,PRJ-INT,Closed,Plumbing Work,West Yard,08/20/2024,08/31/2024,09/02/2024,2.0,Low,True,Equipment Failure,Medium,77.7,Delay of 2 day(s) associated with equipment failure,Priya Nair,40
T-1557,PRJ097,PRJ-STR,Open,Structural Installation,Basement,09/12/2024,09/27/2024,,2.0,Medium,False,Labor Shortage,High,67.9,Delay of 2 day(s) associated with labor shortage,Suresh Kumar,40
T-1558,PRJ002,PRJ-INT,In Progress,Concrete Work,North Wing,06/14/2025,06/30/2025,,-4.0,Medium,False,None,Medium,38.6,Completed 4 day(s) ahead of schedule,Meena Pillai,30
T-1559,PRJ096,PRJ-SITE,In Progress,Curtain Wall Installation,Basement,01/09/2024,02/03/2024,,-1.0,Medium,False,None,Medium,46.3,Completed 1 day(s) ahead of schedule,Arjun Desai,40
T-1560,PRJ036,PRJ-ARC,Open,Painting and Finishes,West Yard,05/28/2024,06/27/2024,,-0.0,Medium,False,None,High,66.5,Completed on schedule,Lakshmi Iyer,40
T-1561,PRJ083,PRJ-SITE,Closed,HVAC Installation,Lobby,04/01/2024,04/24/2024,04/29/2024,5.0,Low,True,Approval Delay,High,82.2,Delay of 5 day(s) associated with approval delay,Rajan Mehta,40
T-1562,PRJ095,PRJ-INT,Closed,Flooring Work,North Wing,10/12/2024,10/17/2024,10/22/2024,5.0,Low,True,Labor Shortage,Medium,118.2,Delay of 5 day(s) associated with labor shortage,Asha Verma,40
T-1563,PRJ061,PRJ-SITE,Closed,Concrete Work,West Yard,02/08/2025,02/22/2025,03/01/2025,7.0,High,True,Crane Breakdown,High,73.7,Delay of 7 day(s) associated with crane breakdown,Dev Kapoor,40
T-1564,PRJ062,PRJ-INT,In Progress,Electrical Installation,Mechanical,05/11/2024,06/03/2024,,7.0,Medium,False,Approval Delay,High,105.1,Delay of 7 day(s) associated with approval delay,Priya Nair,40
T-1565,PRJ075,PRJ-ARC,Closed,Painting and Finishes,Grid A5,09/08/2024,09/27/2024,10/01/2024,4.0,Medium,True,Design Revision,Medium,107.4,Delay of 4 day(s) associated with design revision,Suresh Kumar,40
T-1566,PRJ024,PRJ-SITE,In Progress,Site Preparation,North Wing,07/17/2025,08/01/2025,,0.0,Medium,False,None,Medium,68.1,Completed on schedule,Meena Pillai,30
T-1567,PRJ018,PRJ-INT,Open,Plumbing Work,West Yard,11/17/2025,12/02/2025,,-4.0,High,False,None,Low,92.8,Completed 4 day(s) ahead of schedule,Arjun Desai,40
T-1568,PRJ035,PRJ-SITE,Open,Underground Utilities,Roof,01/11/2024,01/25/2024,,-0.0,Low,False,None,Low,67.7,Completed on schedule,Lakshmi Iyer,40
T-1569,PRJ048,PRJ-ARC,Closed,Electrical Installation,Lobby,04/03/2025,04/22/2025,04/22/2025,0.0,Medium,False,None,Medium,114.7,Completed on schedule,Rajan Mehta,40
T-1570,PRJ075,PRJ-ARC,On Hold,Site Preparation,West Yard,01/19/2024,01/27/2024,,6.0,Medium,False,Design Revision,Medium,94.1,Delay of 6 day(s) associated with design revision,Asha Verma,40
T-1571,PRJ026,PRJ-ARC,Open,Curtain Wall Installation,Roof,01/14/2025,01/31/2025,,-5.0,Medium,False,None,Medium,39.3,Completed 5 day(s) ahead of schedule,Dev Kapoor,40
T-1572,PRJ057,PRJ-STR,In Progress,Structural Installation,Basement,10/04/2025,10/12/2025,,-2.0,High,False,None,Medium,79.8,Completed 2 day(s) ahead of schedule,Priya Nair,40
T-1573,PRJ001,PRJ-ARC,Closed,Painting and Finishes,Basement,08/05/2025,08/27/2025,08/31/2025,4.0,Medium,True,Site Constraint,Medium,124.4,Delay of 4 day(s) associated with site constraint,Suresh Kumar,40
T-1574,PRJ004,PRJ-INT,Closed,Flooring Work,Lobby,06/18/2024,07/15/2024,07/20/2024,5.0,High,True,Design Revision,High,69.6,Delay of 5 day(s) associated with design revision,Meena Pillai,30
T-1575,PRJ097,PRJ-INT,In Progress,Site Preparation,Lobby,07/07/2024,07/24/2024,,-5.0,High,False,None,Low,88.4,Completed 5 day(s) ahead of schedule,Arjun Desai,40
T-1576,PRJ086,PRJ-STR,Closed,Plumbing Work,West Yard,07/25/2025,08/07/2025,08/07/2025,0.0,Medium,False,None,Low,91.4,Completed on schedule,Lakshmi Iyer,40
T-1577,PRJ087,PRJ-STR,Closed,Flooring Work,South Facade,08/21/2025,09/19/2025,09/15/2025,-4.0,High,False,None,Medium,43.9,Completed 4 day(s) ahead of schedule,Rajan Mehta,40
T-1578,PRJ033,PRJ-SITE,Closed,Curtain Wall Installation,Lobby,07/24/2024,08/14/2024,08/18/2024,4.0,Medium,True,Labor Shortage,High,90.3,Delay of 4 day(s) associated with labor shortage,Asha Verma,40
T-1579,PRJ052,PRJ-INT,Open,Underground Utilities,Grid A5,01/03/2024,01/17/2024,,5.0,High,False,Material Delay,High,33.2,Delay of 5 day(s) associated with material delay,Dev Kapoor,40
T-1580,PRJ068,PRJ-INT,On Hold,Structural Installation,Lobby,11/20/2024,11/23/2024,,8.0,Medium,False,Approval Delay,High,56.2,Delay of 8 day(s) associated with approval delay,Priya Nair,40
T-1581,PRJ026,PRJ-MEP,Open,Curtain Wall Installation,Mechanical,03/28/2025,03/31/2025,,7.0,Medium,False,Crane Breakdown,High,107.3,Delay of 7 day(s) associated with crane breakdown,Suresh Kumar,40
T-1582,PRJ075,PRJ-ARC,Closed,Flooring Work,North Wing,11/19/2024,11/28/2024,12/02/2024,4.0,Medium,True,Crane Breakdown,Low,85.7,Delay of 4 day(s) associated with crane breakdown,Meena Pillai,30
T-1583,PRJ070,PRJ-MEP,Open,Site Preparation,Grid A5,11/13/2025,11/22/2025,,-2.0,Low,False,None,Medium,65.9,Completed 2 day(s) ahead of schedule,Arjun Desai,40
T-1584,PRJ041,PRJ-MEP,Open,Site Preparation,Grid A5,08/16/2025,09/08/2025,,-5.0,Medium,False,None,Low,88.4,Completed 5 day(s) ahead of schedule,Lakshmi Iyer,40
T-1585,PRJ044,PRJ-SITE,Open,Concrete Work,Mechanical,07/29/2025,08/15/2025,,-3.0,High,False,None,Medium,73.2,Completed 3 day(s) ahead of schedule,Rajan Mehta,40
T-1586,PRJ031,PRJ-MEP,In Progress,Structural Installation,Roof,01/15/2024,02/14/2024,,4.0,Medium,False,Material Delay,High,75.4,Delay of 4 day(s) associated with material delay,Asha Verma,40
T-1587,PRJ081,PRJ-ARC,In Progress,Concrete Work,Basement,09/15/2025,10/03/2025,,-7.0,Low,False,None,Low,94.7,Completed 7 day(s) ahead of schedule,Dev Kapoor,40
T-1588,PRJ099,PRJ-SITE,Open,HVAC Installation,South Facade,07/05/2025,08/02/2025,,-1.0,Medium,False,None,Medium,53.2,Completed 1 day(s) ahead of schedule,Priya Nair,40
T-1589,PRJ100,PRJ-ARC,In Progress,Flooring Work,Grid A5,10/16/2024,11/03/2024,,-2.0,Low,False,None,Low,76.2,Completed 2 day(s) ahead of schedule,Suresh Kumar,40
T-1590,PRJ078,PRJ-STR,In Progress,Site Preparation,Grid A5,03/06/2025,03/19/2025,,2.0,Low,False,Material Delay,Low,65.6,Delay of 2 day(s) associated with material delay,Meena Pillai,30
T-1591,PRJ035,PRJ-INT,Closed,Concrete Work,Roof,08/24/2025,09/16/2025,09/11/2025,-5.0,High,False,None,Low,27.4,Completed 5 day(s) ahead of schedule,Arjun Desai,40
T-1592,PRJ079,PRJ-ARC,Closed,Flooring Work,South Facade,10/23/2025,11/07/2025,11/01/2025,-6.0,Medium,False,None,Low,47.4,Completed 6 day(s) ahead of schedule,Lakshmi Iyer,40
T-1593,PRJ025,PRJ-MEP,Closed,HVAC Installation,Grid A5,02/06/2025,02/16/2025,02/23/2025,7.0,Medium,True,Approval Delay,High,122.0,Delay of 7 day(s) associated with approval delay,Rajan Mehta,40
T-1594,PRJ090,PRJ-INT,Open,Electrical Installation,Roof,01/31/2024,02/16/2024,,3.0,Medium,False,Labor Shortage,Medium,86.5,Delay of 3 day(s) associated with labor shortage,Asha Verma,40
T-1595,PRJ027,PRJ-INT,In Progress,Plumbing Work,West Yard,03/27/2025,04/17/2025,,1.0,Low,False,Design Revision,High,35.3,Delay of 1 day(s) associated with design revision,Dev Kapoor,40
T-1596,PRJ041,PRJ-STR,On Hold,Electrical Installation,Mechanical,05/11/2025,05/24/2025,,-0.0,Medium,False,None,Medium,28.8,Completed on schedule,Priya Nair,40
T-1597,PRJ010,PRJ-INT,Open,Underground Utilities,South Facade,02/13/2024,03/06/2024,,-7.0,Medium,False,None,Low,71.6,Completed 7 day(s) ahead of schedule,Suresh Kumar,40
T-1598,PRJ009,PRJ-ARC,In Progress,Underground Utilities,Lobby,08/19/2025,09/18/2025,,-2.0,Medium,False,None,Low,121.8,Completed 2 day(s) ahead of schedule,Meena Pillai,30
T-1599,PRJ040,PRJ-STR,On Hold,Electrical Installation,Basement,05/27/2024,06/10/2024,,3.0,High,False,Site Constraint,High,69.4,Delay of 3 day(s) associated with site constraint,Arjun Desai,40
T-1600,PRJ056,PRJ-SITE,On Hold,Structural Installation,Roof,10/12/2025,10/23/2025,,3.0,Medium,False,Material Delay,Low,114.2,Delay of 3 day(s) associated with material delay,Lakshmi Iyer,40
T-1601,PRJ002,PRJ-INT,In Progress,Site Preparation,Lobby,02/06/2025,02/20/2025,,2.0,Medium,False,Site Constraint,High,85.6,Delay of 2 day(s) associated with site constraint,Rajan Mehta,40
T-1602,PRJ085,PRJ-SITE,Closed,Painting and Finishes,North Wing,08/23/2024,09/18/2024,09/14/2024,-4.0,High,False,None,Low,89.1,Completed 4 day(s) ahead of schedule,Asha Verma,40
T-1603,PRJ012,PRJ-INT,In Progress,Site Preparation,Lobby,02/12/2024,02/20/2024,,-5.0,High,False,None,Medium,34.9,Completed 5 day(s) ahead of schedule,Dev Kapoor,40
T-1604,PRJ100,PRJ-SITE,Closed,Structural Installation,South Facade,01/14/2024,02/13/2024,02/18/2024,5.0,Medium,True,Site Constraint,High,103.1,Delay of 5 day(s) associated with site constraint,Priya Nair,40
T-1605,PRJ028,PRJ-MEP,Open,Electrical Installation,North Wing,06/25/2025,07/09/2025,,-2.0,High,False,None,Low,65.0,Completed 2 day(s) ahead of schedule,Suresh Kumar,40
T-1606,PRJ038,PRJ-SITE,Open,Underground Utilities,Grid A5,10/02/2024,10/28/2024,,-0.0,High,False,None,Low,100.9,Completed on schedule,Meena Pillai,30
T-1607,PRJ016,PRJ-STR,Closed,Electrical Installation,North Wing,09/05/2025,09/30/2025,10/01/2025,1.0,High,True,Crane Breakdown,High,50.6,Delay of 1 day(s) associated with crane breakdown,Arjun Desai,40
T-1608,PRJ083,PRJ-ARC,Open,Underground Utilities,Lobby,06/17/2024,07/11/2024,,-6.0,Low,False,None,Low,80.3,Completed 6 day(s) ahead of schedule,Lakshmi Iyer,40
T-1609,PRJ074,PRJ-INT,Closed,Concrete Work,North Wing,11/02/2025,11/30/2025,11/28/2025,-2.0,Medium,False,None,Medium,85.6,Completed 2 day(s) ahead of schedule,Rajan Mehta,40
T-1610,PRJ008,PRJ-INT,In Progress,Structural Installation,South Facade,11/18/2025,11/26/2025,,-0.0,Medium,False,None,Medium,70.4,Completed on schedule,Asha Verma,40
T-1611,PRJ011,PRJ-STR,Closed,Site Preparation,Grid A5,03/15/2024,04/03/2024,03/31/2024,-3.0,Medium,False,None,Low,87.1,Completed 3 day(s) ahead of schedule,Dev Kapoor,40
T-1612,PRJ061,PRJ-SITE,Closed,Flooring Work,Roof,04/17/2025,04/22/2025,04/22/2025,-0.0,Medium,False,None,Medium,67.0,Completed on schedule,Priya Nair,40
T-1613,PRJ087,PRJ-ARC,In Progress,Plumbing Work,Mechanical,11/16/2025,11/27/2025,,4.0,High,False,Labor Shortage,Medium,55.5,Delay of 4 day(s) associated with labor shortage,Suresh Kumar,40
T-1614,PRJ011,PRJ-SITE,Closed,Painting and Finishes,Basement,08/23/2024,08/27/2024,08/28/2024,1.0,High,True,Material Delay,Low,123.2,Delay of 1 day(s) associated with material delay,Meena Pillai,30
T-1615,PRJ023,PRJ-MEP,In Progress,Structural Installation,Roof,02/19/2024,03/12/2024,,3.0,Medium,False,Material Delay,High,106.5,Delay of 3 day(s) associated with material delay,Arjun Desai,40
T-1616,PRJ055,PRJ-STR,In Progress,Curtain Wall Installation,Lobby,10/01/2025,10/21/2025,,-0.0,Medium,False,None,Low,52.2,Completed on schedule,Lakshmi Iyer,40
T-1617,PRJ011,PRJ-INT,Open,Curtain Wall Installation,West Yard,12/12/2024,01/04/2025,,1.0,Medium,False,Weather Delay,Low,92.1,Delay of 1 day(s) associated with weather delay,Rajan Mehta,40
T-1618,PRJ031,PRJ-MEP,Closed,Plumbing Work,Mechanical,01/20/2024,01/27/2024,01/23/2024,-4.0,Medium,False,None,Medium,52.7,Completed 4 day(s) ahead of schedule,Asha Verma,40
T-1619,PRJ002,PRJ-STR,Closed,Concrete Work,West Yard,09/05/2025,09/17/2025,09/21/2025,4.0,Low,True,Labor Shortage,High,39.5,Delay of 4 day(s) associated with labor shortage,Dev Kapoor,40
T-1620,PRJ050,PRJ-SITE,On Hold,Underground Utilities,West Yard,05/10/2025,05/31/2025,,3.0,Low,False,Material Delay,Low,106.0,Delay of 3 day(s) associated with material delay,Priya Nair,40
T-1621,PRJ072,PRJ-SITE,Closed,Plumbing Work,Mechanical,02/21/2024,03/18/2024,03/11/2024,-7.0,High,False,None,Low,23.9,Completed 7 day(s) ahead of schedule,Suresh Kumar,40
T-1622,PRJ042,PRJ-MEP,On Hold,Structural Installation,North Wing,07/07/2024,08/03/2024,,7.0,Medium,False,Design Revision,Medium,102.8,Delay of 7 day(s) associated with design revision,Meena Pillai,30
T-1623,PRJ026,PRJ-MEP,Open,Plumbing Work,Mechanical,01/14/2024,01/19/2024,,3.0,High,False,Weather Delay,High,67.4,Delay of 3 day(s) associated with weather delay,Arjun Desai,40
T-1624,PRJ043,PRJ-ARC,On Hold,Structural Installation,Basement,11/28/2025,12/12/2025,,0.0,Medium,False,None,Low,68.7,Completed on schedule,Lakshmi Iyer,40
T-1625,PRJ051,PRJ-ARC,In Progress,Flooring Work,Basement,01/19/2024,01/22/2024,,-2.0,High,False,None,Low,87.3,Completed 2 day(s) ahead of schedule,Rajan Mehta,40
T-1626,PRJ017,PRJ-STR,In Progress,Curtain Wall Installation,Lobby,08/03/2025,08/28/2025,,-0.0,Medium,False,None,Medium,92.4,Completed on schedule,Asha Verma,40
T-1627,PRJ012,PRJ-MEP,In Progress,Underground Utilities,North Wing,01/08/2025,01/14/2025,,-1.0,High,False,None,Low,50.2,Completed 1 day(s) ahead of schedule,Dev Kapoor,40
T-1628,PRJ019,PRJ-ARC,In Progress,HVAC Installation,Basement,03/01/2025,03/27/2025,,0.0,Low,False,None,Low,96.5,Completed on schedule,Priya Nair,40
T-1629,PRJ099,PRJ-SITE,In Progress,Underground Utilities,Lobby,08/15/2025,08/22/2025,,-1.0,Medium,False,None,Low,78.4,Completed 1 day(s) ahead of schedule,Suresh Kumar,40
T-1630,PRJ073,PRJ-MEP,Open,Concrete Work,North Wing,10/15/2025,10/18/2025,,-1.0,High,False,None,Medium,37.3,Completed 1 day(s) ahead of schedule,Meena Pillai,30
T-1631,PRJ013,PRJ-SITE,Open,Concrete Work,Basement,04/03/2024,04/30/2024,,-4.0,High,False,None,Medium,69.9,Completed 4 day(s) ahead of schedule,Arjun Desai,40
T-1632,PRJ031,PRJ-MEP,In Progress,Curtain Wall Installation,Lobby,01/14/2024,01/29/2024,,3.0,High,False,Design Revision,High,116.4,Delay of 3 day(s) associated with design revision,Lakshmi Iyer,40
T-1633,PRJ042,PRJ-INT,Closed,HVAC Installation,West Yard,03/31/2024,04/14/2024,04/10/2024,-4.0,Low,False,None,Medium,125.3,Completed 4 day(s) ahead of schedule,Rajan Mehta,40
T-1634,PRJ019,PRJ-MEP,Closed,Electrical Installation,Roof,05/13/2025,06/03/2025,06/06/2025,3.0,Medium,True,Approval Delay,Medium,96.5,Delay of 3 day(s) associated with approval delay,Asha Verma,40
T-1635,PRJ086,PRJ-ARC,In Progress,Flooring Work,Mechanical,02/19/2025,03/01/2025,,-1.0,Low,False,None,High,39.3,Completed 1 day(s) ahead of schedule,Dev Kapoor,40
T-1636,PRJ095,PRJ-SITE,In Progress,Painting and Finishes,Lobby,03/02/2024,03/24/2024,,3.0,Low,False,Equipment Failure,Medium,89.7,Delay of 3 day(s) associated with equipment failure,Priya Nair,40
T-1637,PRJ025,PRJ-INT,In Progress,Plumbing Work,South Facade,06/20/2024,07/05/2024,,4.0,Medium,False,Material Delay,Medium,100.5,Delay of 4 day(s) associated with material delay,Suresh Kumar,40
T-1638,PRJ002,PRJ-INT,Open,Site Preparation,Mechanical,01/27/2025,02/06/2025,,6.0,Medium,False,Material Delay,High,96.8,Delay of 6 day(s) associated with material delay,Meena Pillai,30
T-1639,PRJ027,PRJ-ARC,Closed,Concrete Work,North Wing,06/17/2025,07/01/2025,06/25/2025,-6.0,High,False,None,Low,98.5,Completed 6 day(s) ahead of schedule,Arjun Desai,40
T-1640,PRJ059,PRJ-ARC,Open,Electrical Installation,Mechanical,09/07/2024,09/10/2024,,-0.0,High,False,None,Medium,85.9,Completed on schedule,Lakshmi Iyer,40
T-1641,PRJ081,PRJ-INT,Closed,Curtain Wall Installation,South Facade,11/24/2025,12/05/2025,12/10/2025,5.0,Medium,True,Crane Breakdown,Medium,72.8,Delay of 5 day(s) associated with crane breakdown,Rajan Mehta,40
T-1642,PRJ034,PRJ-ARC,Closed,Curtain Wall Installation,Basement,12/25/2025,01/13/2026,01/14/2026,1.0,High,True,Weather Delay,Low,56.7,Delay of 1 day(s) associated with weather delay,Asha Verma,40
T-1643,PRJ028,PRJ-STR,In Progress,Plumbing Work,West Yard,07/13/2025,07/19/2025,,2.0,Low,False,Site Constraint,Medium,18.1,Delay of 2 day(s) associated with site constraint,Dev Kapoor,40
T-1644,PRJ025,PRJ-INT,Closed,Underground Utilities,Basement,11/27/2024,12/03/2024,12/03/2024,-0.0,Low,False,None,Low,85.2,Completed on schedule,Priya Nair,40
T-1645,PRJ001,PRJ-SITE,In Progress,Painting and Finishes,North Wing,10/02/2025,10/23/2025,,-4.0,Medium,False,None,Low,80.6,Completed 4 day(s) ahead of schedule,Suresh Kumar,40
T-1646,PRJ002,PRJ-MEP,Closed,Flooring Work,Basement,06/15/2025,06/29/2025,07/01/2025,2.0,High,True,Crane Breakdown,Medium,91.7,Delay of 2 day(s) associated with crane breakdown,Meena Pillai,30
T-1647,PRJ043,PRJ-SITE,Closed,Painting and Finishes,Lobby,01/14/2025,01/20/2025,01/16/2025,-4.0,Low,False,None,Low,34.9,Completed 4 day(s) ahead of schedule,Arjun Desai,40
T-1648,PRJ062,PRJ-INT,Closed,Site Preparation,Basement,11/19/2024,12/12/2024,12/15/2024,3.0,Medium,True,Design Revision,Medium,94.4,Delay of 3 day(s) associated with design revision,Lakshmi Iyer,40
T-1649,PRJ002,PRJ-INT,Closed,Underground Utilities,Basement,08/30/2025,09/23/2025,09/27/2025,4.0,Medium,True,Approval Delay,High,136.6,Delay of 4 day(s) associated with approval delay,Rajan Mehta,40
T-1650,PRJ021,PRJ-SITE,Closed,Curtain Wall Installation,Grid A5,02/10/2025,02/13/2025,02/16/2025,3.0,Low,True,Labor Shortage,High,77.4,Delay of 3 day(s) associated with labor shortage,Asha Verma,40
T-1651,PRJ091,PRJ-SITE,On Hold,Structural Installation,Mechanical,05/13/2024,05/21/2024,,2.0,Medium,False,Crane Breakdown,Low,73.2,Delay of 2 day(s) associated with crane breakdown,Dev Kapoor,40
T-1652,PRJ100,PRJ-SITE,In Progress,Painting and Finishes,South Facade,12/30/2025,01/12/2026,,-1.0,High,False,None,Low,84.3,Completed 1 day(s) ahead of schedule,Priya Nair,40
T-1653,PRJ065,PRJ-INT,Closed,Site Preparation,South Facade,02/19/2024,03/13/2024,03/15/2024,2.0,Medium,True,Material Delay,Low,136.0,Delay of 2 day(s) associated with material delay,Suresh Kumar,40
T-1654,PRJ053,PRJ-SITE,Closed,Electrical Installation,Roof,05/22/2025,05/27/2025,05/22/2025,-5.0,Low,False,None,Low,44.3,Completed 5 day(s) ahead of schedule,Meena Pillai,30
T-1655,PRJ059,PRJ-MEP,In Progress,Site Preparation,North Wing,04/23/2025,05/18/2025,,-1.0,High,False,None,High,81.1,Completed 1 day(s) ahead of schedule,Arjun Desai,40
T-1656,PRJ038,PRJ-SITE,On Hold,Site Preparation,Lobby,03/03/2025,03/14/2025,,8.0,Medium,False,Equipment Failure,Medium,51.0,Delay of 8 day(s) associated with equipment failure,Lakshmi Iyer,40
T-1657,PRJ021,PRJ-SITE,In Progress,Structural Installation,West Yard,02/07/2024,02/13/2024,,5.0,High,False,Weather Delay,Low,58.6,Delay of 5 day(s) associated with weather delay,Rajan Mehta,40
T-1658,PRJ038,PRJ-MEP,In Progress,Curtain Wall Installation,Basement,12/25/2024,01/21/2025,,6.0,Medium,False,Material Delay,High,73.5,Delay of 6 day(s) associated with material delay,Asha Verma,40
T-1659,PRJ070,PRJ-INT,Open,Concrete Work,South Facade,10/13/2025,10/18/2025,,-4.0,Medium,False,None,Low,115.4,Completed 4 day(s) ahead of schedule,Dev Kapoor,40
T-1660,PRJ067,PRJ-SITE,Open,Underground Utilities,Basement,06/23/2024,06/29/2024,,-2.0,Medium,False,None,Low,129.0,Completed 2 day(s) ahead of schedule,Priya Nair,40
T-1661,PRJ068,PRJ-MEP,Closed,Electrical Installation,North Wing,05/19/2025,06/17/2025,06/17/2025,-0.0,Medium,False,None,Low,88.4,Completed on schedule,Suresh Kumar,40
T-1662,PRJ061,PRJ-MEP,In Progress,Electrical Installation,Basement,09/18/2025,10/05/2025,,4.0,High,False,Equipment Failure,Medium,63.7,Delay of 4 day(s) associated with equipment failure,Meena Pillai,30
T-1663,PRJ007,PRJ-ARC,In Progress,Plumbing Work,Basement,11/26/2025,12/11/2025,,2.0,Low,False,Labor Shortage,Medium,149.8,Delay of 2 day(s) associated with labor shortage,Arjun Desai,40
T-1664,PRJ063,PRJ-SITE,Open,Site Preparation,Grid A5,01/11/2025,02/02/2025,,-3.0,Low,False,None,Low,62.2,Completed 3 day(s) ahead of schedule,Lakshmi Iyer,40
T-1665,PRJ089,PRJ-STR,In Progress,Concrete Work,Roof,08/17/2024,09/06/2024,,4.0,Medium,False,Site Constraint,High,57.9,Delay of 4 day(s) associated with site constraint,Rajan Mehta,40
T-1666,PRJ065,PRJ-SITE,Closed,Flooring Work,Lobby,05/25/2025,06/14/2025,06/17/2025,3.0,Medium,True,Design Revision,High,21.8,Delay of 3 day(s) associated with design revision,Asha Verma,40
T-1667,PRJ058,PRJ-MEP,Closed,Electrical Installation,Roof,12/20/2024,12/23/2024,12/26/2024,3.0,High,True,Weather Delay,High,116.9,Delay of 3 day(s) associated with weather delay,Dev Kapoor,40
T-1668,PRJ023,PRJ-STR,Open,Curtain Wall Installation,Roof,04/02/2025,04/20/2025,,-7.0,High,False,None,Low,104.0,Completed 7 day(s) ahead of schedule,Priya Nair,40
T-1669,PRJ080,PRJ-INT,In Progress,Painting and Finishes,Mechanical,06/25/2025,07/05/2025,,4.0,Medium,False,Design Revision,Low,147.5,Delay of 4 day(s) associated with design revision,Suresh Kumar,40
T-1670,PRJ046,PRJ-MEP,In Progress,Plumbing Work,Grid A5,06/02/2025,06/27/2025,,6.0,Medium,False,Equipment Failure,High,33.3,Delay of 6 day(s) associated with equipment failure,Meena Pillai,30
T-1671,PRJ027,PRJ-ARC,Closed,Structural Installation,South Facade,06/26/2024,07/13/2024,07/13/2024,-0.0,Low,False,None,Low,118.7,Completed on schedule,Arjun Desai,40
T-1672,PRJ049,PRJ-MEP,In Progress,Flooring Work,Mechanical,07/05/2025,07/11/2025,,3.0,Medium,False,Labor Shortage,Medium,77.1,Delay of 3 day(s) associated with labor shortage,Lakshmi Iyer,40
T-1673,PRJ013,PRJ-STR,In Progress,Underground Utilities,West Yard,01/30/2025,02/26/2025,,0.0,High,False,None,Medium,99.2,Completed on schedule,Rajan Mehta,40
T-1674,PRJ093,PRJ-MEP,In Progress,Plumbing Work,Grid A5,11/10/2025,11/20/2025,,-6.0,Medium,False,None,Low,25.6,Completed 6 day(s) ahead of schedule,Asha Verma,40
T-1675,PRJ071,PRJ-INT,In Progress,Site Preparation,Grid A5,04/26/2025,05/06/2025,,7.0,Medium,False,Weather Delay,Medium,119.0,Delay of 7 day(s) associated with weather delay,Dev Kapoor,40
T-1676,PRJ033,PRJ-INT,In Progress,Electrical Installation,South Facade,10/13/2025,11/11/2025,,7.0,Medium,False,Equipment Failure,High,98.6,Delay of 7 day(s) associated with equipment failure,Priya Nair,40
T-1677,PRJ080,PRJ-ARC,In Progress,Electrical Installation,Roof,12/15/2025,01/08/2026,,2.0,High,False,Material Delay,Medium,73.8,Delay of 2 day(s) associated with material delay,Suresh Kumar,40
T-1678,PRJ006,PRJ-SITE,Closed,Underground Utilities,Mechanical,12/26/2025,01/22/2026,01/28/2026,6.0,Medium,True,Design Revision,Medium,94.4,Delay of 6 day(s) associated with design revision,Meena Pillai,30
T-1679,PRJ039,PRJ-STR,Closed,Curtain Wall Installation,Mechanical,06/27/2025,07/18/2025,07/17/2025,-1.0,Low,False,None,High,52.0,Completed 1 day(s) ahead of schedule,Arjun Desai,40
T-1680,PRJ066,PRJ-ARC,In Progress,Structural Installation,Lobby,03/12/2025,04/09/2025,,-1.0,Medium,False,None,Medium,57.6,Completed 1 day(s) ahead of schedule,Lakshmi Iyer,40
T-1681,PRJ003,PRJ-MEP,Closed,Structural Installation,Mechanical,03/27/2024,04/02/2024,04/02/2024,0.0,Low,False,None,Medium,61.1,Completed on schedule,Rajan Mehta,40
T-1682,PRJ071,PRJ-INT,Closed,Plumbing Work,Mechanical,10/08/2024,10/27/2024,10/26/2024,-1.0,Low,False,None,High,19.4,Completed 1 day(s) ahead of schedule,Asha Verma,40
T-1683,PRJ082,PRJ-ARC,Open,Site Preparation,Mechanical,12/12/2024,12/23/2024,,5.0,Low,False,Labor Shortage,Medium,100.9,Delay of 5 day(s) associated with labor shortage,Dev Kapoor,40
T-1684,PRJ060,PRJ-INT,In Progress,Structural Installation,Mechanical,07/23/2025,08/06/2025,,-0.0,Medium,False,None,Low,110.7,Completed on schedule,Priya Nair,40
T-1685,PRJ021,PRJ-ARC,In Progress,Curtain Wall Installation,Mechanical,03/05/2025,03/14/2025,,-5.0,Medium,False,None,Low,54.0,Completed 5 day(s) ahead of schedule,Suresh Kumar,40
T-1686,PRJ075,PRJ-MEP,Closed,Flooring Work,North Wing,11/16/2024,11/24/2024,11/22/2024,-2.0,Medium,False,None,Low,85.4,Completed 2 day(s) ahead of schedule,Meena Pillai,30
T-1687,PRJ034,PRJ-STR,Open,Plumbing Work,Mechanical,04/17/2024,05/02/2024,,0.0,Medium,False,None,Medium,67.0,Completed on schedule,Arjun Desai,40
T-1688,PRJ074,PRJ-ARC,Closed,Plumbing Work,Roof,06/06/2025,07/04/2025,07/06/2025,2.0,High,True,Material Delay,Medium,84.8,Delay of 2 day(s) associated with material delay,Lakshmi Iyer,40
T-1689,PRJ063,PRJ-SITE,In Progress,Flooring Work,West Yard,11/11/2024,12/01/2024,,1.0,High,False,Material Delay,Medium,56.2,Delay of 1 day(s) associated with material delay,Rajan Mehta,40
T-1690,PRJ010,PRJ-MEP,In Progress,Structural Installation,North Wing,01/27/2024,02/08/2024,,-1.0,Medium,False,None,Low,48.5,Completed 1 day(s) ahead of schedule,Asha Verma,40
T-1691,PRJ010,PRJ-ARC,On Hold,HVAC Installation,West Yard,07/26/2024,08/10/2024,,6.0,Medium,False,Material Delay,Medium,106.6,Delay of 6 day(s) associated with material delay,Dev Kapoor,40
T-1692,PRJ002,PRJ-STR,In Progress,Underground Utilities,Basement,10/04/2025,10/21/2025,,3.0,High,False,Site Constraint,High,73.1,Delay of 3 day(s) associated with site constraint,Priya Nair,40
T-1693,PRJ008,PRJ-INT,Closed,Structural Installation,Mechanical,03/27/2024,04/05/2024,04/04/2024,-1.0,Low,False,None,Low,135.7,Completed 1 day(s) ahead of schedule,Suresh Kumar,40
T-1694,PRJ030,PRJ-INT,On Hold,Curtain Wall Installation,Basement,10/23/2024,11/09/2024,,5.0,Medium,False,Design Revision,Medium,76.4,Delay of 5 day(s) associated with design revision,Meena Pillai,30
T-1695,PRJ003,PRJ-ARC,Closed,Curtain Wall Installation,Lobby,01/08/2025,01/30/2025,01/27/2025,-3.0,High,False,None,Medium,47.2,Completed 3 day(s) ahead of schedule,Arjun Desai,40
T-1696,PRJ094,PRJ-INT,Open,Site Preparation,Lobby,03/02/2024,03/11/2024,,7.0,Medium,False,Weather Delay,Medium,111.8,Delay of 7 day(s) associated with weather delay,Lakshmi Iyer,40
T-1697,PRJ092,PRJ-ARC,Closed,Curtain Wall Installation,Roof,04/30/2024,05/19/2024,05/22/2024,3.0,Medium,True,Labor Shortage,Low,93.9,Delay of 3 day(s) associated with labor shortage,Rajan Mehta,40
T-1698,PRJ018,PRJ-INT,Open,Site Preparation,Basement,11/17/2025,12/09/2025,,3.0,Medium,False,Crane Breakdown,Medium,96.8,Delay of 3 day(s) associated with crane breakdown,Asha Verma,40
T-1699,PRJ032,PRJ-ARC,In Progress,Plumbing Work,Grid A5,03/07/2025,03/24/2025,,7.0,Medium,False,Design Revision,High,110.7,Delay of 7 day(s) associated with design revision,Dev Kapoor,40
T-1700,PRJ075,PRJ-INT,Closed,Flooring Work,West Yard,06/02/2024,06/13/2024,06/12/2024,-1.0,Medium,False,None,Medium,55.4,Completed 1 day(s) ahead of schedule,Priya Nair,40
T-1701,PRJ067,PRJ-MEP,Closed,Concrete Work,West Yard,05/03/2024,05/21/2024,05/20/2024,-1.0,Low,False,None,High,71.2,Completed 1 day(s) ahead of schedule,Suresh Kumar,40
T-1702,PRJ059,PRJ-STR,In Progress,Concrete Work,Lobby,11/06/2024,12/01/2024,,3.0,Medium,False,Labor Shortage,High,69.9,Delay of 3 day(s) associated with labor shortage,Meena Pillai,30
T-1703,PRJ099,PRJ-ARC,In Progress,HVAC Installation,West Yard,06/12/2025,06/21/2025,,-2.0,Low,False,None,Low,36.3,Completed 2 day(s) ahead of schedule,Arjun Desai,40
T-1704,PRJ063,PRJ-STR,Closed,Underground Utilities,North Wing,06/17/2025,07/06/2025,07/05/2025,-1.0,High,False,None,Medium,67.1,Completed 1 day(s) ahead of schedule,Lakshmi Iyer,40
T-1705,PRJ067,PRJ-SITE,Closed,Electrical Installation,West Yard,05/22/2024,06/13/2024,06/16/2024,3.0,Medium,True,Labor Shortage,Medium,115.1,Delay of 3 day(s) associated with labor shortage,Rajan Mehta,40
T-1706,PRJ051,PRJ-SITE,In Progress,Site Preparation,West Yard,06/13/2025,06/25/2025,,8.0,Medium,False,Equipment Failure,High,82.1,Delay of 8 day(s) associated with equipment failure,Asha Verma,40
T-1707,PRJ053,PRJ-MEP,Closed,Structural Installation,Basement,10/16/2025,10/29/2025,10/22/2025,-7.0,High,False,None,Low,34.6,Completed 7 day(s) ahead of schedule,Dev Kapoor,40
T-1708,PRJ030,PRJ-SITE,Open,Underground Utilities,Lobby,06/14/2024,07/11/2024,,-5.0,High,False,None,Medium,28.3,Completed 5 day(s) ahead of schedule,Priya Nair,40
T-1709,PRJ053,PRJ-SITE,Open,HVAC Installation,West Yard,01/20/2024,02/02/2024,,10.0,Medium,False,Crane Breakdown,High,124.9,Delay of 10 day(s) associated with crane breakdown,Suresh Kumar,40
T-1710,PRJ092,PRJ-STR,Closed,HVAC Installation,Mechanical,11/30/2025,12/19/2025,12/19/2025,-0.0,Medium,False,None,Low,72.3,Completed on schedule,Meena Pillai,30
T-1711,PRJ038,PRJ-ARC,On Hold,Plumbing Work,Basement,01/16/2025,01/23/2025,,1.0,High,False,Approval Delay,Medium,55.6,Delay of 1 day(s) associated with approval delay,Arjun Desai,40
T-1712,PRJ014,PRJ-INT,Open,HVAC Installation,Mechanical,07/20/2025,08/17/2025,,-3.0,Medium,False,None,Low,66.8,Completed 3 day(s) ahead of schedule,Lakshmi Iyer,40
T-1713,PRJ060,PRJ-SITE,Open,Plumbing Work,Roof,08/21/2024,09/09/2024,,0.0,High,False,None,High,30.7,Completed on schedule,Rajan Mehta,40
T-1714,PRJ079,PRJ-SITE,Open,Site Preparation,North Wing,08/06/2024,08/30/2024,,5.0,High,False,Material Delay,High,117.7,Delay of 5 day(s) associated with material delay,Asha Verma,40
T-1715,PRJ096,PRJ-SITE,Closed,Plumbing Work,Lobby,06/13/2024,07/02/2024,06/29/2024,-3.0,High,False,None,Low,63.2,Completed 3 day(s) ahead of schedule,Dev Kapoor,40
T-1716,PRJ055,PRJ-MEP,Open,Painting and Finishes,Roof,06/07/2024,06/19/2024,,11.0,Low,False,Design Revision,Medium,116.0,Delay of 11 day(s) associated with design revision,Priya Nair,40
T-1717,PRJ079,PRJ-STR,In Progress,Painting and Finishes,Lobby,12/10/2024,12/22/2024,,-1.0,Medium,False,None,Low,76.5,Completed 1 day(s) ahead of schedule,Suresh Kumar,40
T-1718,PRJ026,PRJ-STR,On Hold,Underground Utilities,Mechanical,03/18/2024,04/09/2024,,9.0,Low,False,Weather Delay,Medium,117.9,Delay of 9 day(s) associated with weather delay,Meena Pillai,30
T-1719,PRJ043,PRJ-STR,Open,Electrical Installation,Mechanical,09/06/2025,10/03/2025,,-5.0,Medium,False,None,Medium,82.7,Completed 5 day(s) ahead of schedule,Arjun Desai,40
T-1720,PRJ042,PRJ-SITE,In Progress,Plumbing Work,North Wing,01/08/2025,01/14/2025,,3.0,High,False,Design Revision,High,100.6,Delay of 3 day(s) associated with design revision,Lakshmi Iyer,40
T-1721,PRJ034,PRJ-MEP,In Progress,Underground Utilities,South Facade,10/30/2025,11/25/2025,,4.0,Medium,False,Material Delay,Low,96.6,Delay of 4 day(s) associated with material delay,Rajan Mehta,40
T-1722,PRJ072,PRJ-INT,Closed,Painting and Finishes,West Yard,01/01/2025,01/27/2025,01/26/2025,-1.0,Medium,False,None,Low,93.7,Completed 1 day(s) ahead of schedule,Asha Verma,40
T-1723,PRJ089,PRJ-MEP,In Progress,Site Preparation,West Yard,08/09/2024,08/15/2024,,-7.0,Low,False,None,Medium,85.4,Completed 7 day(s) ahead of schedule,Dev Kapoor,40
T-1724,PRJ033,PRJ-STR,In Progress,Site Preparation,Lobby,01/10/2025,01/16/2025,,2.0,High,False,Material Delay,Medium,68.0,Delay of 2 day(s) associated with material delay,Priya Nair,40
T-1725,PRJ014,PRJ-MEP,Open,Flooring Work,Lobby,04/22/2024,05/14/2024,,10.0,Low,False,Material Delay,Medium,132.5,Delay of 10 day(s) associated with material delay,Suresh Kumar,40
T-1726,PRJ083,PRJ-MEP,Closed,Flooring Work,Mechanical,08/24/2025,09/19/2025,09/12/2025,-7.0,Low,False,None,Low,47.8,Completed 7 day(s) ahead of schedule,Meena Pillai,30
T-1727,PRJ085,PRJ-ARC,Closed,Site Preparation,Lobby,06/09/2025,06/23/2025,06/26/2025,3.0,Low,True,Material Delay,Low,75.1,Delay of 3 day(s) associated with material delay,Arjun Desai,40
T-1728,PRJ094,PRJ-STR,Open,Underground Utilities,Basement,04/17/2024,05/07/2024,,-5.0,Low,False,None,High,75.4,Completed 5 day(s) ahead of schedule,Lakshmi Iyer,40
T-1729,PRJ026,PRJ-SITE,In Progress,Painting and Finishes,South Facade,02/28/2025,03/30/2025,,2.0,Medium,False,Site Constraint,Low,87.1,Delay of 2 day(s) associated with site constraint,Rajan Mehta,40
T-1730,PRJ072,PRJ-STR,Closed,Flooring Work,South Facade,01/27/2025,02/08/2025,02/05/2025,-3.0,Medium,False,None,Low,62.1,Completed 3 day(s) ahead of schedule,Asha Verma,40
T-1731,PRJ072,PRJ-MEP,Open,Underground Utilities,North Wing,05/26/2024,06/04/2024,,-4.0,Medium,False,None,High,84.4,Completed 4 day(s) ahead of schedule,Dev Kapoor,40
T-1732,PRJ080,PRJ-INT,In Progress,Plumbing Work,Roof,03/30/2024,04/29/2024,,1.0,Low,False,Site Constraint,Low,69.9,Delay of 1 day(s) associated with site constraint,Priya Nair,40
T-1733,PRJ081,PRJ-ARC,In Progress,Plumbing Work,North Wing,07/09/2025,07/19/2025,,3.0,Low,False,Material Delay,Medium,27.5,Delay of 3 day(s) associated with material delay,Suresh Kumar,40
T-1734,PRJ096,PRJ-ARC,In Progress,Underground Utilities,West Yard,07/11/2024,07/27/2024,,-0.0,Medium,False,None,Low,75.3,Completed on schedule,Meena Pillai,30
T-1735,PRJ048,PRJ-STR,In Progress,Curtain Wall Installation,Basement,01/13/2025,01/28/2025,,5.0,Low,False,Site Constraint,High,42.0,Delay of 5 day(s) associated with site constraint,Arjun Desai,40
T-1736,PRJ008,PRJ-MEP,In Progress,Underground Utilities,Basement,06/29/2024,07/16/2024,,-3.0,Medium,False,None,Medium,23.0,Completed 3 day(s) ahead of schedule,Lakshmi Iyer,40
T-1737,PRJ020,PRJ-MEP,Open,Flooring Work,Lobby,04/21/2025,05/01/2025,,-2.0,Low,False,None,High,79.1,Completed 2 day(s) ahead of schedule,Rajan Mehta,40
T-1738,PRJ089,PRJ-MEP,In Progress,Flooring Work,Lobby,02/05/2024,02/27/2024,,2.0,Medium,False,Approval Delay,Low,89.6,Delay of 2 day(s) associated with approval delay,Asha Verma,40
T-1739,PRJ085,PRJ-STR,Closed,Electrical Installation,South Facade,09/19/2024,10/11/2024,10/17/2024,6.0,Medium,True,Approval Delay,Medium,90.8,Delay of 6 day(s) associated with approval delay,Dev Kapoor,40
T-1740,PRJ002,PRJ-STR,In Progress,Electrical Installation,Roof,02/03/2025,02/11/2025,,6.0,Medium,False,Design Revision,Medium,92.0,Delay of 6 day(s) associated with design revision,Priya Nair,40
T-1741,PRJ037,PRJ-MEP,Open,Site Preparation,Basement,11/16/2024,12/02/2024,,-7.0,Low,False,None,Low,17.0,Completed 7 day(s) ahead of schedule,Suresh Kumar,40
T-1742,PRJ025,PRJ-INT,Closed,HVAC Installation,North Wing,03/23/2025,03/27/2025,03/20/2025,-7.0,Low,False,None,Low,34.2,Completed 7 day(s) ahead of schedule,Meena Pillai,30
T-1743,PRJ033,PRJ-MEP,Open,Painting and Finishes,North Wing,05/11/2024,05/20/2024,,-3.0,High,False,None,Low,134.2,Completed 3 day(s) ahead of schedule,Arjun Desai,40
T-1744,PRJ064,PRJ-STR,Closed,Plumbing Work,Lobby,11/18/2024,12/18/2024,12/15/2024,-3.0,Low,False,None,High,43.6,Completed 3 day(s) ahead of schedule,Lakshmi Iyer,40
T-1745,PRJ052,PRJ-ARC,In Progress,Site Preparation,West Yard,07/06/2025,07/23/2025,,2.0,Medium,False,Material Delay,Medium,93.3,Delay of 2 day(s) associated with material delay,Rajan Mehta,40
T-1746,PRJ049,PRJ-STR,Closed,Flooring Work,Lobby,08/31/2024,09/20/2024,09/20/2024,0.0,Medium,False,None,Medium,54.4,Completed on schedule,Asha Verma,40
T-1747,PRJ044,PRJ-ARC,Open,Underground Utilities,West Yard,04/24/2024,05/21/2024,,-4.0,Medium,False,None,Medium,77.4,Completed 4 day(s) ahead of schedule,Dev Kapoor,40
T-1748,PRJ065,PRJ-SITE,Open,Curtain Wall Installation,Lobby,09/10/2025,10/02/2025,,2.0,Medium,False,Weather Delay,Medium,56.0,Delay of 2 day(s) associated with weather delay,Priya Nair,40
T-1749,PRJ069,PRJ-INT,In Progress,Underground Utilities,Grid A5,07/22/2025,08/16/2025,,3.0,High,False,Crane Breakdown,Medium,91.8,Delay of 3 day(s) associated with crane breakdown,Suresh Kumar,40
T-1750,PRJ005,PRJ-STR,Open,Structural Installation,Basement,05/11/2025,06/02/2025,,-2.0,High,False,None,Medium,79.1,Completed 2 day(s) ahead of schedule,Meena Pillai,30
T-1751,PRJ014,PRJ-STR,Open,Electrical Installation,Basement,08/05/2025,08/21/2025,,-1.0,Medium,False,None,Medium,61.6,Completed 1 day(s) ahead of schedule,Arjun Desai,40
T-1752,PRJ035,PRJ-INT,Closed,HVAC Installation,North Wing,07/22/2025,08/11/2025,08/04/2025,-7.0,Medium,False,None,Low,43.5,Completed 7 day(s) ahead of schedule,Lakshmi Iyer,40
T-1753,PRJ044,PRJ-STR,Closed,HVAC Installation,North Wing,06/29/2025,07/10/2025,07/13/2025,3.0,Low,True,Crane Breakdown,High,83.0,Delay of 3 day(s) associated with crane breakdown,Rajan Mehta,40
T-1754,PRJ100,PRJ-SITE,Open,Electrical Installation,Lobby,01/06/2025,02/02/2025,,2.0,Medium,False,Labor Shortage,High,38.6,Delay of 2 day(s) associated with labor shortage,Asha Verma,40
T-1755,PRJ090,PRJ-SITE,Closed,Site Preparation,West Yard,01/15/2024,01/23/2024,01/21/2024,-2.0,Medium,False,None,Low,87.8,Completed 2 day(s) ahead of schedule,Dev Kapoor,40
T-1756,PRJ065,PRJ-SITE,Closed,HVAC Installation,North Wing,03/11/2025,04/07/2025,04/13/2025,6.0,Low,True,Material Delay,Medium,153.8,Delay of 6 day(s) associated with material delay,Priya Nair,40
T-1757,PRJ004,PRJ-SITE,Closed,Site Preparation,West Yard,07/18/2024,08/14/2024,08/14/2024,0.0,Medium,False,None,Low,115.5,Completed on schedule,Suresh Kumar,40
T-1758,PRJ011,PRJ-MEP,Closed,Electrical Installation,Mechanical,07/18/2025,07/24/2025,07/26/2025,2.0,High,True,Approval Delay,High,96.6,Delay of 2 day(s) associated with approval delay,Meena Pillai,30
T-1759,PRJ046,PRJ-INT,Closed,Site Preparation,South Facade,12/07/2024,12/29/2024,01/02/2025,4.0,Low,True,Equipment Failure,High,72.4,Delay of 4 day(s) associated with equipment failure,Arjun Desai,40
T-1760,PRJ059,PRJ-MEP,In Progress,Curtain Wall Installation,Roof,10/22/2025,11/21/2025,,5.0,Medium,False,Crane Breakdown,High,16.8,Delay of 5 day(s) associated with crane breakdown,Lakshmi Iyer,40
T-1761,PRJ067,PRJ-INT,Closed,Site Preparation,Mechanical,03/10/2025,03/29/2025,03/24/2025,-5.0,Medium,False,None,Low,35.3,Completed 5 day(s) ahead of schedule,Rajan Mehta,40
T-1762,PRJ015,PRJ-SITE,On Hold,Flooring Work,Basement,02/05/2025,02/17/2025,,5.0,Low,False,Approval Delay,Low,113.5,Delay of 5 day(s) associated with approval delay,Asha Verma,40
T-1763,PRJ089,PRJ-MEP,Open,Flooring Work,Roof,11/02/2025,11/29/2025,,-3.0,Low,False,None,Low,51.3,Completed 3 day(s) ahead of schedule,Dev Kapoor,40
T-1764,PRJ050,PRJ-INT,In Progress,Electrical Installation,Basement,12/12/2024,12/29/2024,,-4.0,Low,False,None,Low,54.0,Completed 4 day(s) ahead of schedule,Priya Nair,40
T-1765,PRJ060,PRJ-ARC,Open,Underground Utilities,West Yard,10/01/2024,10/07/2024,,-2.0,High,False,None,Low,70.0,Completed 2 day(s) ahead of schedule,Suresh Kumar,40
T-1766,PRJ004,PRJ-INT,On Hold,Electrical Installation,Lobby,09/28/2024,10/07/2024,,-1.0,Low,False,None,Low,43.1,Completed 1 day(s) ahead of schedule,Meena Pillai,30
T-1767,PRJ083,PRJ-INT,In Progress,Concrete Work,Grid A5,09/30/2025,10/22/2025,,4.0,Low,False,Material Delay,High,38.2,Delay of 4 day(s) associated with material delay,Arjun Desai,40
T-1768,PRJ055,PRJ-INT,Closed,Plumbing Work,West Yard,07/06/2025,07/21/2025,07/19/2025,-2.0,Low,False,None,Low,73.5,Completed 2 day(s) ahead of schedule,Lakshmi Iyer,40
T-1769,PRJ023,PRJ-STR,Closed,Structural Installation,South Facade,04/29/2024,05/08/2024,05/04/2024,-4.0,Low,False,None,Low,48.3,Completed 4 day(s) ahead of schedule,Rajan Mehta,40
T-1770,PRJ032,PRJ-STR,On Hold,Flooring Work,Grid A5,12/25/2024,01/19/2025,,5.0,Medium,False,Labor Shortage,High,52.8,Delay of 5 day(s) associated with labor shortage,Asha Verma,40
T-1771,PRJ036,PRJ-MEP,Open,Concrete Work,Basement,09/28/2024,10/04/2024,,-2.0,Low,False,None,Medium,51.6,Completed 2 day(s) ahead of schedule,Dev Kapoor,40
T-1772,PRJ003,PRJ-SITE,Closed,Plumbing Work,Basement,04/17/2025,04/26/2025,04/21/2025,-5.0,Medium,False,None,Medium,90.7,Completed 5 day(s) ahead of schedule,Priya Nair,40
T-1773,PRJ095,PRJ-INT,Closed,Underground Utilities,Mechanical,02/08/2024,02/24/2024,02/25/2024,1.0,Medium,True,Site Constraint,Medium,68.0,Delay of 1 day(s) associated with site constraint,Suresh Kumar,40
T-1774,PRJ081,PRJ-ARC,Open,Curtain Wall Installation,North Wing,06/05/2025,06/09/2025,,3.0,High,False,Equipment Failure,High,69.6,Delay of 3 day(s) associated with equipment failure,Meena Pillai,30
T-1775,PRJ089,PRJ-INT,Closed,Flooring Work,South Facade,06/26/2025,07/09/2025,07/13/2025,4.0,Low,True,Crane Breakdown,Medium,92.9,Delay of 4 day(s) associated with crane breakdown,Arjun Desai,40
T-1776,PRJ036,PRJ-INT,In Progress,Flooring Work,South Facade,06/14/2024,07/12/2024,,-1.0,High,False,None,Medium,70.7,Completed 1 day(s) ahead of schedule,Lakshmi Iyer,40
T-1777,PRJ056,PRJ-STR,Closed,Curtain Wall Installation,West Yard,04/19/2024,05/18/2024,05/23/2024,5.0,Medium,True,Design Revision,Medium,66.7,Delay of 5 day(s) associated with design revision,Rajan Mehta,40
T-1778,PRJ046,PRJ-MEP,In Progress,Underground Utilities,South Facade,04/03/2025,04/30/2025,,1.0,Low,False,Material Delay,Medium,89.1,Delay of 1 day(s) associated with material delay,Asha Verma,40
T-1779,PRJ048,PRJ-ARC,In Progress,Curtain Wall Installation,Roof,07/06/2024,07/18/2024,,-4.0,High,False,None,Low,95.0,Completed 4 day(s) ahead of schedule,Dev Kapoor,40
T-1780,PRJ059,PRJ-INT,Open,Structural Installation,Lobby,11/18/2025,11/22/2025,,-4.0,High,False,None,Medium,70.6,Completed 4 day(s) ahead of schedule,Priya Nair,40
T-1781,PRJ046,PRJ-MEP,Open,Structural Installation,North Wing,07/19/2025,08/13/2025,,-7.0,Medium,False,None,Low,77.4,Completed 7 day(s) ahead of schedule,Suresh Kumar,40
T-1782,PRJ078,PRJ-MEP,Open,Structural Installation,Basement,11/28/2025,12/11/2025,,3.0,High,False,Crane Breakdown,Medium,51.5,Delay of 3 day(s) associated with crane breakdown,Meena Pillai,30
T-1783,PRJ006,PRJ-INT,Closed,Underground Utilities,Roof,01/25/2025,02/17/2025,02/17/2025,0.0,Medium,False,None,Low,49.2,Completed on schedule,Arjun Desai,40
T-1784,PRJ020,PRJ-ARC,In Progress,Electrical Installation,Grid A5,11/16/2025,11/22/2025,,2.0,Medium,False,Design Revision,Low,98.1,Delay of 2 day(s) associated with design revision,Lakshmi Iyer,40
T-1785,PRJ090,PRJ-MEP,Open,Underground Utilities,Grid A5,01/11/2024,02/01/2024,,-5.0,High,False,None,Low,88.3,Completed 5 day(s) ahead of schedule,Rajan Mehta,40
T-1786,PRJ089,PRJ-STR,Closed,Site Preparation,North Wing,07/30/2024,08/18/2024,08/27/2024,9.0,Medium,True,Approval Delay,High,88.7,Delay of 9 day(s) associated with approval delay,Asha Verma,40
T-1787,PRJ082,PRJ-MEP,Closed,HVAC Installation,Basement,01/02/2024,01/30/2024,01/26/2024,-4.0,High,False,None,Low,83.4,Completed 4 day(s) ahead of schedule,Dev Kapoor,40
T-1788,PRJ037,PRJ-INT,In Progress,Curtain Wall Installation,Roof,05/09/2025,05/14/2025,,1.0,Medium,False,Design Revision,Medium,76.4,Delay of 1 day(s) associated with design revision,Priya Nair,40
T-1789,PRJ046,PRJ-ARC,On Hold,HVAC Installation,Basement,01/07/2025,01/21/2025,,12.0,High,False,Design Revision,High,95.9,Delay of 12 day(s) associated with design revision,Suresh Kumar,40
T-1790,PRJ003,PRJ-INT,In Progress,HVAC Installation,Lobby,07/28/2024,08/27/2024,,2.0,Medium,False,Labor Shortage,Low,103.1,Delay of 2 day(s) associated with labor shortage,Meena Pillai,30
T-1791,PRJ028,PRJ-SITE,Closed,Electrical Installation,West Yard,08/10/2024,08/23/2024,09/01/2024,9.0,Low,True,Crane Breakdown,Medium,102.3,Delay of 9 day(s) associated with crane breakdown,Arjun Desai,40
T-1792,PRJ073,PRJ-ARC,Open,Curtain Wall Installation,North Wing,04/14/2025,05/05/2025,,-2.0,Medium,False,None,Low,72.0,Completed 2 day(s) ahead of schedule,Lakshmi Iyer,40
T-1793,PRJ035,PRJ-STR,Closed,Curtain Wall Installation,West Yard,05/11/2024,05/18/2024,05/16/2024,-2.0,Medium,False,None,Low,116.6,Completed 2 day(s) ahead of schedule,Rajan Mehta,40
T-1794,PRJ049,PRJ-MEP,On Hold,Flooring Work,Roof,01/10/2025,02/02/2025,,3.0,Low,False,Weather Delay,Medium,81.9,Delay of 3 day(s) associated with weather delay,Asha Verma,40
T-1795,PRJ013,PRJ-SITE,Closed,Concrete Work,Lobby,03/23/2025,04/02/2025,04/01/2025,-1.0,Low,False,None,High,94.0,Completed 1 day(s) ahead of schedule,Dev Kapoor,40
T-1796,PRJ050,PRJ-INT,In Progress,HVAC Installation,South Facade,06/24/2024,07/13/2024,,-2.0,Medium,False,None,Low,83.5,Completed 2 day(s) ahead of schedule,Priya Nair,40
T-1797,PRJ073,PRJ-ARC,Closed,Painting and Finishes,South Facade,06/15/2024,07/12/2024,07/17/2024,5.0,Low,True,Site Constraint,Medium,82.4,Delay of 5 day(s) associated with site constraint,Suresh Kumar,40
T-1798,PRJ058,PRJ-ARC,In Progress,HVAC Installation,Basement,09/15/2024,10/06/2024,,0.0,Low,False,None,Low,52.9,Completed on schedule,Meena Pillai,30
T-1799,PRJ056,PRJ-ARC,Closed,Electrical Installation,Lobby,03/08/2025,03/24/2025,03/25/2025,1.0,Medium,True,Equipment Failure,Medium,96.0,Delay of 1 day(s) associated with equipment failure,Arjun Desai,40
T-1800,PRJ092,PRJ-STR,Closed,Site Preparation,Mechanical,07/04/2024,07/12/2024,07/13/2024,1.0,Medium,True,Site Constraint,Medium,160.4,Delay of 1 day(s) associated with site constraint,Lakshmi Iyer,40
T-1801,PRJ024,PRJ-INT,On Hold,Painting and Finishes,Grid A5,10/03/2024,10/15/2024,,4.0,Medium,False,Weather Delay,Medium,63.8,Delay of 4 day(s) associated with weather delay,Rajan Mehta,40
T-1802,PRJ030,PRJ-INT,In Progress,Structural Installation,Lobby,01/31/2025,02/26/2025,,5.0,Medium,False,Labor Shortage,Medium,77.1,Delay of 5 day(s) associated with labor shortage,Asha Verma,40
T-1803,PRJ063,PRJ-INT,Open,Electrical Installation,Basement,05/16/2024,05/25/2024,,-2.0,High,False,None,Low,61.6,Completed 2 day(s) ahead of schedule,Dev Kapoor,40
T-1804,PRJ049,PRJ-SITE,In Progress,Site Preparation,Roof,02/19/2025,03/12/2025,,1.0,Medium,False,Design Revision,Medium,60.4,Delay of 1 day(s) associated with design revision,Priya Nair,40
T-1805,PRJ098,PRJ-STR,Open,Electrical Installation,Mechanical,04/10/2024,04/26/2024,,1.0,Low,False,Material Delay,Medium,121.3,Delay of 1 day(s) associated with material delay,Suresh Kumar,40
T-1806,PRJ006,PRJ-MEP,Open,Site Preparation,North Wing,04/14/2024,04/25/2024,,3.0,Low,False,Design Revision,Medium,54.8,Delay of 3 day(s) associated with design revision,Meena Pillai,30
T-1807,PRJ013,PRJ-SITE,In Progress,Flooring Work,West Yard,06/21/2024,07/14/2024,,-7.0,Medium,False,None,Low,60.8,Completed 7 day(s) ahead of schedule,Arjun Desai,40
T-1808,PRJ035,PRJ-SITE,Closed,Structural Installation,Basement,07/28/2024,08/10/2024,08/09/2024,-1.0,Low,False,None,Medium,27.4,Completed 1 day(s) ahead of schedule,Lakshmi Iyer,40
T-1809,PRJ046,PRJ-ARC,Open,Underground Utilities,Mechanical,01/22/2024,02/02/2024,,7.0,Medium,False,Approval Delay,Medium,52.3,Delay of 7 day(s) associated with approval delay,Rajan Mehta,40
T-1810,PRJ090,PRJ-SITE,Open,Plumbing Work,Basement,12/02/2025,12/19/2025,,-7.0,High,False,None,Low,23.7,Completed 7 day(s) ahead of schedule,Asha Verma,40
T-1811,PRJ050,PRJ-MEP,Open,Electrical Installation,Mechanical,08/12/2024,09/05/2024,,-1.0,Low,False,None,Low,94.0,Completed 1 day(s) ahead of schedule,Dev Kapoor,40
T-1812,PRJ044,PRJ-ARC,Closed,Painting and Finishes,North Wing,08/10/2025,09/06/2025,09/11/2025,5.0,Low,True,Design Revision,Medium,159.0,Delay of 5 day(s) associated with design revision,Priya Nair,40
T-1813,PRJ017,PRJ-MEP,Closed,Painting and Finishes,South Facade,10/20/2025,11/09/2025,11/06/2025,-3.0,High,False,None,Medium,64.0,Completed 3 day(s) ahead of schedule,Suresh Kumar,40
T-1814,PRJ044,PRJ-STR,Open,Flooring Work,North Wing,08/07/2025,08/28/2025,,-1.0,Medium,False,None,Low,25.0,Completed 1 day(s) ahead of schedule,Meena Pillai,30
T-1815,PRJ054,PRJ-STR,Open,Underground Utilities,Mechanical,08/29/2025,09/23/2025,,7.0,Low,False,Design Revision,High,102.0,Delay of 7 day(s) associated with design revision,Arjun Desai,40
T-1816,PRJ059,PRJ-SITE,In Progress,Electrical Installation,Roof,03/14/2024,03/24/2024,,-0.0,High,False,None,Medium,53.2,Completed on schedule,Lakshmi Iyer,40
T-1817,PRJ061,PRJ-STR,In Progress,Curtain Wall Installation,North Wing,09/28/2024,10/08/2024,,5.0,High,False,Material Delay,Medium,114.0,Delay of 5 day(s) associated with material delay,Rajan Mehta,40
T-1818,PRJ043,PRJ-INT,In Progress,Curtain Wall Installation,Mechanical,06/28/2025,07/14/2025,,1.0,Medium,False,Material Delay,Medium,66.5,Delay of 1 day(s) associated with material delay,Asha Verma,40
T-1819,PRJ016,PRJ-ARC,In Progress,Flooring Work,Basement,02/24/2025,03/16/2025,,11.0,Medium,False,Weather Delay,Medium,56.0,Delay of 11 day(s) associated with weather delay,Dev Kapoor,40
T-1820,PRJ016,PRJ-MEP,On Hold,Structural Installation,North Wing,01/05/2024,01/26/2024,,4.0,Medium,False,Weather Delay,Medium,69.7,Delay of 4 day(s) associated with weather delay,Priya Nair,40
T-1821,PRJ016,PRJ-MEP,In Progress,Underground Utilities,South Facade,02/18/2025,02/25/2025,,7.0,Low,False,Weather Delay,High,97.7,Delay of 7 day(s) associated with weather delay,Suresh Kumar,40
T-1822,PRJ062,PRJ-SITE,Closed,Curtain Wall Installation,Lobby,08/10/2025,09/03/2025,08/28/2025,-6.0,Medium,False,None,Medium,68.2,Completed 6 day(s) ahead of schedule,Meena Pillai,30
T-1823,PRJ086,PRJ-ARC,Open,Plumbing Work,Basement,08/27/2025,09/09/2025,,-2.0,Medium,False,None,Medium,60.1,Completed 2 day(s) ahead of schedule,Arjun Desai,40
T-1824,PRJ089,PRJ-SITE,On Hold,Plumbing Work,Roof,10/07/2024,11/03/2024,,7.0,Medium,False,Site Constraint,Medium,69.0,Delay of 7 day(s) associated with site constraint,Lakshmi Iyer,40
T-1825,PRJ032,PRJ-ARC,On Hold,Underground Utilities,North Wing,06/21/2024,07/14/2024,,-3.0,High,False,None,Medium,36.8,Completed 3 day(s) ahead of schedule,Rajan Mehta,40
T-1826,PRJ008,PRJ-SITE,Closed,HVAC Installation,Roof,08/13/2024,09/12/2024,09/05/2024,-7.0,Low,False,None,Low,86.9,Completed 7 day(s) ahead of schedule,Asha Verma,40
T-1827,PRJ064,PRJ-ARC,In Progress,HVAC Installation,West Yard,08/04/2024,08/24/2024,,-1.0,Medium,False,None,Medium,21.4,Completed 1 day(s) ahead of schedule,Dev Kapoor,40
T-1828,PRJ004,PRJ-MEP,Open,HVAC Installation,Lobby,09/10/2024,09/27/2024,,5.0,Low,False,Labor Shortage,Medium,61.7,Delay of 5 day(s) associated with labor shortage,Priya Nair,40
T-1829,PRJ063,PRJ-SITE,Closed,HVAC Installation,Lobby,08/08/2024,08/16/2024,08/19/2024,3.0,High,True,Site Constraint,High,97.8,Delay of 3 day(s) associated with site constraint,Suresh Kumar,40
T-1830,PRJ039,PRJ-SITE,Closed,Plumbing Work,Grid A5,11/29/2024,12/13/2024,12/12/2024,-1.0,Medium,False,None,Medium,84.1,Completed 1 day(s) ahead of schedule,Meena Pillai,30
T-1831,PRJ084,PRJ-STR,Open,Structural Installation,Grid A5,01/30/2024,02/26/2024,,-5.0,Medium,False,None,Medium,92.7,Completed 5 day(s) ahead of schedule,Arjun Desai,40
T-1832,PRJ063,PRJ-SITE,In Progress,Structural Installation,North Wing,07/19/2024,08/01/2024,,6.0,Medium,False,Site Constraint,High,73.0,Delay of 6 day(s) associated with site constraint,Lakshmi Iyer,40
T-1833,PRJ074,PRJ-ARC,In Progress,Electrical Installation,Roof,08/17/2024,08/21/2024,,5.0,Medium,False,Equipment Failure,Medium,110.1,Delay of 5 day(s) associated with equipment failure,Rajan Mehta,40
T-1834,PRJ041,PRJ-SITE,Closed,HVAC Installation,Lobby,04/21/2024,04/30/2024,04/23/2024,-7.0,Medium,False,None,Low,102.7,Completed 7 day(s) ahead of schedule,Asha Verma,40
T-1835,PRJ085,PRJ-ARC,Closed,Concrete Work,West Yard,10/02/2025,10/21/2025,10/23/2025,2.0,Medium,True,Approval Delay,Low,88.4,Delay of 2 day(s) associated with approval delay,Dev Kapoor,40
T-1836,PRJ053,PRJ-SITE,Closed,Plumbing Work,Grid A5,05/08/2025,05/28/2025,05/29/2025,1.0,Medium,True,Crane Breakdown,Low,102.8,Delay of 1 day(s) associated with crane breakdown,Priya Nair,40
T-1837,PRJ063,PRJ-INT,Closed,Plumbing Work,South Facade,10/27/2025,11/26/2025,11/27/2025,1.0,High,True,Site Constraint,Low,97.5,Delay of 1 day(s) associated with site constraint,Suresh Kumar,40
T-1838,PRJ037,PRJ-STR,In Progress,Underground Utilities,Roof,02/13/2025,03/14/2025,,2.0,High,False,Material Delay,Medium,61.8,Delay of 2 day(s) associated with material delay,Meena Pillai,30
T-1839,PRJ045,PRJ-STR,In Progress,Underground Utilities,Roof,03/21/2024,04/07/2024,,1.0,Medium,False,Equipment Failure,Medium,34.7,Delay of 1 day(s) associated with equipment failure,Arjun Desai,40
T-1840,PRJ085,PRJ-INT,Open,Underground Utilities,Basement,10/22/2025,11/09/2025,,3.0,Medium,False,Design Revision,Medium,87.6,Delay of 3 day(s) associated with design revision,Lakshmi Iyer,40
T-1841,PRJ040,PRJ-INT,Closed,Painting and Finishes,Mechanical,11/30/2024,12/25/2024,12/27/2024,2.0,Low,True,Crane Breakdown,Low,91.4,Delay of 2 day(s) associated with crane breakdown,Rajan Mehta,40
T-1842,PRJ003,PRJ-MEP,In Progress,Electrical Installation,Basement,05/14/2025,05/18/2025,,-4.0,High,False,None,Medium,107.7,Completed 4 day(s) ahead of schedule,Asha Verma,40
T-1843,PRJ038,PRJ-STR,In Progress,Concrete Work,Roof,10/05/2024,10/24/2024,,-7.0,Medium,False,None,Low,46.9,Completed 7 day(s) ahead of schedule,Dev Kapoor,40
T-1844,PRJ040,PRJ-STR,Open,HVAC Installation,Mechanical,12/26/2024,01/11/2025,,-0.0,Medium,False,None,High,47.8,Completed on schedule,Priya Nair,40
T-1845,PRJ042,PRJ-MEP,Open,Structural Installation,Mechanical,12/23/2024,01/16/2025,,-1.0,Low,False,None,Low,88.8,Completed 1 day(s) ahead of schedule,Suresh Kumar,40
T-1846,PRJ008,PRJ-ARC,In Progress,Electrical Installation,Grid A5,07/26/2024,08/20/2024,,2.0,High,False,Site Constraint,Medium,72.9,Delay of 2 day(s) associated with site constraint,Meena Pillai,30
T-1847,PRJ013,PRJ-STR,Open,Curtain Wall Installation,Basement,02/08/2025,03/01/2025,,-4.0,Medium,False,None,Low,18.4,Completed 4 day(s) ahead of schedule,Arjun Desai,40
T-1848,PRJ033,PRJ-MEP,Open,Plumbing Work,Lobby,06/19/2025,07/10/2025,,4.0,Medium,False,Material Delay,Medium,86.3,Delay of 4 day(s) associated with material delay,Lakshmi Iyer,40
T-1849,PRJ043,PRJ-ARC,Closed,Concrete Work,Mechanical,01/15/2024,02/06/2024,02/07/2024,1.0,Low,True,Design Revision,Medium,19.4,Delay of 1 day(s) associated with design revision,Rajan Mehta,40
T-1850,PRJ003,PRJ-ARC,In Progress,Site Preparation,South Facade,04/05/2024,04/24/2024,,-4.0,High,False,None,Medium,46.6,Completed 4 day(s) ahead of schedule,Asha Verma,40
T-1851,PRJ039,PRJ-STR,In Progress,Curtain Wall Installation,Lobby,09/06/2025,09/15/2025,,2.0,Low,False,Equipment Failure,Low,115.6,Delay of 2 day(s) associated with equipment failure,Dev Kapoor,40
T-1852,PRJ033,PRJ-ARC,In Progress,Site Preparation,Roof,02/19/2025,03/01/2025,,5.0,Low,False,Crane Breakdown,High,129.7,Delay of 5 day(s) associated with crane breakdown,Priya Nair,40
T-1853,PRJ004,PRJ-STR,Closed,Painting and Finishes,North Wing,12/11/2025,01/03/2026,12/31/2025,-3.0,High,False,None,Medium,38.5,Completed 3 day(s) ahead of schedule,Suresh Kumar,40
T-1854,PRJ026,PRJ-INT,In Progress,Curtain Wall Installation,Lobby,03/17/2025,04/06/2025,,1.0,High,False,Material Delay,Medium,65.1,Delay of 1 day(s) associated with material delay,Meena Pillai,30
T-1855,PRJ028,PRJ-INT,Closed,HVAC Installation,Lobby,04/21/2025,04/30/2025,04/23/2025,-7.0,Low,False,None,High,76.3,Completed 7 day(s) ahead of schedule,Arjun Desai,40
T-1856,PRJ015,PRJ-SITE,On Hold,Site Preparation,Grid A5,10/18/2025,11/14/2025,,17.0,Medium,False,Equipment Failure,High,128.4,Delay of 17 day(s) associated with equipment failure,Lakshmi Iyer,40
T-1857,PRJ076,PRJ-STR,Closed,Flooring Work,Basement,04/27/2025,05/27/2025,05/25/2025,-2.0,Medium,False,None,Low,60.2,Completed 2 day(s) ahead of schedule,Rajan Mehta,40
T-1858,PRJ008,PRJ-ARC,In Progress,Curtain Wall Installation,South Facade,08/28/2024,09/17/2024,,-5.0,High,False,None,Low,60.7,Completed 5 day(s) ahead of schedule,Asha Verma,40
T-1859,PRJ058,PRJ-SITE,Closed,Painting and Finishes,North Wing,01/20/2025,01/29/2025,02/04/2025,6.0,Medium,True,Equipment Failure,Low,121.5,Delay of 6 day(s) associated with equipment failure,Dev Kapoor,40
T-1860,PRJ067,PRJ-SITE,In Progress,Plumbing Work,Lobby,06/20/2024,07/19/2024,,-3.0,Medium,False,None,Low,63.8,Completed 3 day(s) ahead of schedule,Priya Nair,40
T-1861,PRJ081,PRJ-INT,In Progress,Flooring Work,Lobby,09/01/2024,09/10/2024,,3.0,Medium,False,Material Delay,Medium,96.7,Delay of 3 day(s) associated with material delay,Suresh Kumar,40
T-1862,PRJ055,PRJ-STR,In Progress,Concrete Work,West Yard,05/11/2025,05/26/2025,,1.0,Medium,False,Weather Delay,High,30.7,Delay of 1 day(s) associated with weather delay,Meena Pillai,30
T-1863,PRJ055,PRJ-INT,In Progress,Underground Utilities,Lobby,04/18/2024,05/15/2024,,9.0,High,False,Approval Delay,High,69.9,Delay of 9 day(s) associated with approval delay,Arjun Desai,40
T-1864,PRJ077,PRJ-ARC,Open,Painting and Finishes,West Yard,05/05/2025,05/22/2025,,-2.0,Medium,False,None,Medium,25.2,Completed 2 day(s) ahead of schedule,Lakshmi Iyer,40
T-1865,PRJ086,PRJ-STR,In Progress,Curtain Wall Installation,Basement,03/02/2025,03/11/2025,,1.0,Low,False,Design Revision,Medium,43.3,Delay of 1 day(s) associated with design revision,Rajan Mehta,40
T-1866,PRJ022,PRJ-ARC,Open,Flooring Work,Mechanical,08/13/2024,08/18/2024,,8.0,High,False,Crane Breakdown,High,100.2,Delay of 8 day(s) associated with crane breakdown,Asha Verma,40
T-1867,PRJ080,PRJ-INT,In Progress,HVAC Installation,West Yard,02/02/2024,02/15/2024,,5.0,High,False,Design Revision,High,73.5,Delay of 5 day(s) associated with design revision,Dev Kapoor,40
T-1868,PRJ047,PRJ-ARC,In Progress,Structural Installation,Basement,05/29/2025,06/19/2025,,-3.0,High,False,None,Low,65.4,Completed 3 day(s) ahead of schedule,Priya Nair,40
T-1869,PRJ010,PRJ-ARC,On Hold,Concrete Work,Basement,08/24/2025,09/16/2025,,7.0,Low,False,Approval Delay,Medium,52.5,Delay of 7 day(s) associated with approval delay,Suresh Kumar,40
T-1870,PRJ062,PRJ-MEP,Open,Electrical Installation,Grid A5,06/16/2025,06/25/2025,,12.0,Low,False,Material Delay,High,68.4,Delay of 12 day(s) associated with material delay,Meena Pillai,30
T-1871,PRJ098,PRJ-ARC,Closed,Curtain Wall Installation,Grid A5,11/03/2024,11/10/2024,11/09/2024,-1.0,Medium,False,None,Low,84.0,Completed 1 day(s) ahead of schedule,Arjun Desai,40
T-1872,PRJ015,PRJ-SITE,In Progress,Electrical Installation,Basement,04/22/2025,05/14/2025,,4.0,Low,False,Crane Breakdown,Medium,104.5,Delay of 4 day(s) associated with crane breakdown,Lakshmi Iyer,40
T-1873,PRJ002,PRJ-INT,Open,Plumbing Work,Basement,10/29/2024,11/05/2024,,0.0,High,False,None,High,15.0,Completed on schedule,Rajan Mehta,40
T-1874,PRJ092,PRJ-MEP,Open,Structural Installation,Mechanical,09/18/2024,09/22/2024,,6.0,Medium,False,Design Revision,High,50.0,Delay of 6 day(s) associated with design revision,Asha Verma,40
T-1875,PRJ060,PRJ-ARC,Open,Underground Utilities,West Yard,08/26/2024,09/11/2024,,2.0,Medium,False,Crane Breakdown,High,79.8,Delay of 2 day(s) associated with crane breakdown,Dev Kapoor,40
T-1876,PRJ022,PRJ-SITE,Open,HVAC Installation,West Yard,06/02/2024,06/20/2024,,-2.0,High,False,None,Medium,72.0,Completed 2 day(s) ahead of schedule,Priya Nair,40
T-1877,PRJ080,PRJ-MEP,In Progress,Structural Installation,North Wing,12/08/2025,12/17/2025,,-6.0,Medium,False,None,Low,87.1,Completed 6 day(s) ahead of schedule,Suresh Kumar,40
T-1878,PRJ040,PRJ-INT,In Progress,Structural Installation,Roof,05/01/2025,05/09/2025,,-5.0,Medium,False,None,Low,83.0,Completed 5 day(s) ahead of schedule,Meena Pillai,30
T-1879,PRJ034,PRJ-SITE,In Progress,Underground Utilities,Mechanical,05/07/2024,05/16/2024,,-1.0,Medium,False,None,Medium,65.9,Completed 1 day(s) ahead of schedule,Arjun Desai,40
T-1880,PRJ029,PRJ-SITE,Open,Electrical Installation,Basement,09/23/2025,10/05/2025,,-1.0,Medium,False,None,Medium,59.2,Completed 1 day(s) ahead of schedule,Lakshmi Iyer,40
T-1881,PRJ060,PRJ-MEP,Open,Electrical Installation,Grid A5,04/20/2024,04/23/2024,,6.0,Medium,False,Approval Delay,Medium,67.6,Delay of 6 day(s) associated with approval delay,Rajan Mehta,40
T-1882,PRJ014,PRJ-STR,Open,Plumbing Work,Grid A5,03/09/2025,03/12/2025,,4.0,Medium,False,Material Delay,Medium,109.5,Delay of 4 day(s) associated with material delay,Asha Verma,40
T-1883,PRJ037,PRJ-INT,In Progress,Underground Utilities,Basement,04/30/2024,05/13/2024,,-3.0,High,False,None,Medium,53.0,Completed 3 day(s) ahead of schedule,Dev Kapoor,40
T-1884,PRJ031,PRJ-MEP,In Progress,Electrical Installation,Lobby,09/20/2024,09/23/2024,,-1.0,Medium,False,None,Medium,73.1,Completed 1 day(s) ahead of schedule,Priya Nair,40
T-1885,PRJ007,PRJ-ARC,In Progress,Concrete Work,Basement,04/25/2025,05/06/2025,,4.0,Low,False,Crane Breakdown,Low,80.5,Delay of 4 day(s) associated with crane breakdown,Suresh Kumar,40
T-1886,PRJ077,PRJ-ARC,Open,Flooring Work,Mechanical,12/30/2025,01/18/2026,,4.0,Medium,False,Design Revision,Low,121.8,Delay of 4 day(s) associated with design revision,Meena Pillai,30
T-1887,PRJ001,PRJ-SITE,Open,Site Preparation,Mechanical,12/25/2025,12/28/2025,,-3.0,Medium,False,None,Low,66.0,Completed 3 day(s) ahead of schedule,Arjun Desai,40
T-1888,PRJ096,PRJ-STR,On Hold,HVAC Installation,Grid A5,10/15/2025,11/04/2025,,2.0,Low,False,Labor Shortage,Low,103.8,Delay of 2 day(s) associated with labor shortage,Lakshmi Iyer,40
T-1889,PRJ010,PRJ-MEP,Open,Plumbing Work,Basement,06/20/2024,07/10/2024,,9.0,Low,False,Labor Shortage,High,112.0,Delay of 9 day(s) associated with labor shortage,Rajan Mehta,40
T-1890,PRJ036,PRJ-ARC,Open,Flooring Work,Mechanical,03/09/2024,03/28/2024,,-3.0,Medium,False,None,Medium,73.1,Completed 3 day(s) ahead of schedule,Asha Verma,40
T-1891,PRJ010,PRJ-SITE,Open,Electrical Installation,Lobby,10/23/2025,11/12/2025,,-1.0,Medium,False,None,Low,68.7,Completed 1 day(s) ahead of schedule,Dev Kapoor,40
T-1892,PRJ037,PRJ-STR,On Hold,Structural Installation,South Facade,11/04/2025,11/29/2025,,10.0,High,False,Approval Delay,Medium,65.1,Delay of 10 day(s) associated with approval delay,Priya Nair,40
T-1893,PRJ062,PRJ-SITE,Closed,Electrical Installation,Lobby,07/22/2024,07/26/2024,07/27/2024,1.0,Low,True,Crane Breakdown,Medium,67.3,Delay of 1 day(s) associated with crane breakdown,Suresh Kumar,40
T-1894,PRJ009,PRJ-STR,Closed,Concrete Work,Roof,01/14/2024,01/21/2024,01/18/2024,-3.0,Low,False,None,Low,100.6,Completed 3 day(s) ahead of schedule,Meena Pillai,30
T-1895,PRJ053,PRJ-STR,On Hold,Flooring Work,Grid A5,04/17/2025,04/28/2025,,2.0,High,False,Crane Breakdown,Low,81.9,Delay of 2 day(s) associated with crane breakdown,Arjun Desai,40
T-1896,PRJ078,PRJ-SITE,Open,Structural Installation,South Facade,02/25/2024,03/18/2024,,-4.0,High,False,None,Low,82.1,Completed 4 day(s) ahead of schedule,Lakshmi Iyer,40
T-1897,PRJ046,PRJ-ARC,On Hold,HVAC Installation,South Facade,01/30/2024,02/26/2024,,-2.0,Medium,False,None,Medium,41.2,Completed 2 day(s) ahead of schedule,Rajan Mehta,40
T-1898,PRJ012,PRJ-SITE,Open,Electrical Installation,Grid A5,11/15/2025,12/13/2025,,-1.0,Low,False,None,Low,46.0,Completed 1 day(s) ahead of schedule,Asha Verma,40
T-1899,PRJ070,PRJ-ARC,Closed,Concrete Work,Grid A5,12/27/2024,01/15/2025,01/20/2025,5.0,Low,True,Crane Breakdown,Low,139.3,Delay of 5 day(s) associated with crane breakdown,Dev Kapoor,40
T-1900,PRJ019,PRJ-ARC,In Progress,Underground Utilities,West Yard,03/22/2024,04/05/2024,,-2.0,Medium,False,None,Low,69.7,Completed 2 day(s) ahead of schedule,Priya Nair,40
T-1901,PRJ002,PRJ-MEP,In Progress,Concrete Work,South Facade,04/22/2025,05/06/2025,,-1.0,Medium,False,None,Medium,51.8,Completed 1 day(s) ahead of schedule,Suresh Kumar,40
T-1902,PRJ044,PRJ-MEP,On Hold,Plumbing Work,Lobby,09/26/2024,09/30/2024,,0.0,Medium,False,None,Low,117.9,Completed on schedule,Meena Pillai,30
T-1903,PRJ028,PRJ-MEP,Open,HVAC Installation,Lobby,01/26/2025,02/11/2025,,4.0,Low,False,Material Delay,High,83.5,Delay of 4 day(s) associated with material delay,Arjun Desai,40
T-1904,PRJ003,PRJ-INT,On Hold,Painting and Finishes,Roof,10/18/2025,11/04/2025,,0.0,Medium,False,None,Low,92.3,Completed on schedule,Lakshmi Iyer,40
T-1905,PRJ078,PRJ-SITE,In Progress,Site Preparation,North Wing,06/22/2024,06/30/2024,,-3.0,High,False,None,Medium,70.9,Completed 3 day(s) ahead of schedule,Rajan Mehta,40
T-1906,PRJ060,PRJ-INT,Closed,Electrical Installation,West Yard,04/16/2025,05/10/2025,05/15/2025,5.0,Medium,True,Equipment Failure,Medium,65.4,Delay of 5 day(s) associated with equipment failure,Asha Verma,40
T-1907,PRJ091,PRJ-ARC,On Hold,Concrete Work,Roof,08/27/2025,09/21/2025,,5.0,Medium,False,Equipment Failure,Medium,69.9,Delay of 5 day(s) associated with equipment failure,Dev Kapoor,40
T-1908,PRJ049,PRJ-ARC,Open,Site Preparation,Grid A5,11/05/2024,11/16/2024,,-2.0,Low,False,None,Low,33.5,Completed 2 day(s) ahead of schedule,Priya Nair,40
T-1909,PRJ044,PRJ-MEP,On Hold,Underground Utilities,North Wing,12/09/2025,01/06/2026,,10.0,Medium,False,Design Revision,High,72.4,Delay of 10 day(s) associated with design revision,Suresh Kumar,40
T-1910,PRJ085,PRJ-ARC,In Progress,Structural Installation,Roof,11/23/2024,11/28/2024,,7.0,Medium,False,Equipment Failure,High,83.9,Delay of 7 day(s) associated with equipment failure,Meena Pillai,30
T-1911,PRJ009,PRJ-STR,Closed,Site Preparation,Lobby,12/01/2024,12/29/2024,12/27/2024,-2.0,High,False,None,Low,130.5,Completed 2 day(s) ahead of schedule,Arjun Desai,40
T-1912,PRJ037,PRJ-INT,Open,Electrical Installation,West Yard,10/07/2025,10/31/2025,,-2.0,High,False,None,Low,77.6,Completed 2 day(s) ahead of schedule,Lakshmi Iyer,40
T-1913,PRJ080,PRJ-MEP,In Progress,Painting and Finishes,Roof,04/09/2025,04/18/2025,,-0.0,High,False,None,High,15.0,Completed on schedule,Rajan Mehta,40
T-1914,PRJ030,PRJ-INT,Closed,Electrical Installation,West Yard,09/26/2025,10/17/2025,10/17/2025,0.0,High,False,None,Medium,72.2,Completed on schedule,Asha Verma,40
T-1915,PRJ089,PRJ-SITE,In Progress,Structural Installation,Lobby,07/31/2025,08/11/2025,,3.0,High,False,Equipment Failure,Low,157.2,Delay of 3 day(s) associated with equipment failure,Dev Kapoor,40
T-1916,PRJ029,PRJ-SITE,Open,HVAC Installation,North Wing,06/04/2025,06/29/2025,,-3.0,High,False,None,Low,101.0,Completed 3 day(s) ahead of schedule,Priya Nair,40
T-1917,PRJ042,PRJ-ARC,Open,Curtain Wall Installation,Roof,06/25/2024,07/02/2024,,-4.0,Low,False,None,Medium,50.7,Completed 4 day(s) ahead of schedule,Suresh Kumar,40
T-1918,PRJ090,PRJ-INT,Closed,Underground Utilities,Grid A5,10/18/2024,10/27/2024,10/29/2024,2.0,Low,True,Design Revision,Medium,92.7,Delay of 2 day(s) associated with design revision,Meena Pillai,30
T-1919,PRJ025,PRJ-STR,Open,Electrical Installation,West Yard,09/23/2025,10/04/2025,,-1.0,Medium,False,None,Medium,52.7,Completed 1 day(s) ahead of schedule,Arjun Desai,40
T-1920,PRJ097,PRJ-ARC,Closed,Concrete Work,West Yard,03/25/2025,04/02/2025,03/28/2025,-5.0,Medium,False,None,High,34.4,Completed 5 day(s) ahead of schedule,Lakshmi Iyer,40
T-1921,PRJ005,PRJ-SITE,On Hold,Curtain Wall Installation,Mechanical,07/23/2024,08/04/2024,,6.0,Low,False,Equipment Failure,Medium,64.5,Delay of 6 day(s) associated with equipment failure,Rajan Mehta,40
T-1922,PRJ027,PRJ-MEP,Open,Plumbing Work,Grid A5,08/26/2024,09/14/2024,,0.0,High,False,None,Low,77.7,Completed on schedule,Asha Verma,40
T-1923,PRJ060,PRJ-SITE,Open,Site Preparation,Grid A5,07/20/2025,08/09/2025,,6.0,Medium,False,Material Delay,Medium,18.8,Delay of 6 day(s) associated with material delay,Dev Kapoor,40
T-1924,PRJ060,PRJ-SITE,Closed,Plumbing Work,Roof,05/10/2024,05/28/2024,05/22/2024,-6.0,Medium,False,None,Low,40.5,Completed 6 day(s) ahead of schedule,Priya Nair,40
T-1925,PRJ091,PRJ-MEP,Open,HVAC Installation,Roof,03/22/2024,03/30/2024,,-3.0,Low,False,None,Low,75.3,Completed 3 day(s) ahead of schedule,Suresh Kumar,40
T-1926,PRJ096,PRJ-INT,In Progress,Flooring Work,South Facade,07/12/2025,07/20/2025,,-5.0,Medium,False,None,Low,62.8,Completed 5 day(s) ahead of schedule,Meena Pillai,30
T-1927,PRJ068,PRJ-STR,Closed,HVAC Installation,Basement,07/29/2024,08/26/2024,08/25/2024,-1.0,Low,False,None,Low,86.8,Completed 1 day(s) ahead of schedule,Arjun Desai,40
T-1928,PRJ066,PRJ-ARC,In Progress,Underground Utilities,Basement,07/12/2025,07/22/2025,,-1.0,High,False,None,Medium,38.6,Completed 1 day(s) ahead of schedule,Lakshmi Iyer,40
T-1929,PRJ032,PRJ-MEP,In Progress,Flooring Work,North Wing,01/24/2025,01/29/2025,,-3.0,Medium,False,None,Low,96.4,Completed 3 day(s) ahead of schedule,Rajan Mehta,40
T-1930,PRJ081,PRJ-STR,Closed,HVAC Installation,West Yard,12/29/2025,01/13/2026,01/11/2026,-2.0,Medium,False,None,Medium,39.5,Completed 2 day(s) ahead of schedule,Asha Verma,40
T-1931,PRJ065,PRJ-STR,In Progress,Structural Installation,Basement,01/18/2025,01/21/2025,,-3.0,Medium,False,None,Medium,124.3,Completed 3 day(s) ahead of schedule,Dev Kapoor,40
T-1932,PRJ003,PRJ-SITE,Open,Concrete Work,West Yard,09/25/2025,10/07/2025,,1.0,Medium,False,Crane Breakdown,Medium,23.5,Delay of 1 day(s) associated with crane breakdown,Priya Nair,40
T-1933,PRJ084,PRJ-INT,In Progress,Plumbing Work,Basement,09/12/2025,10/08/2025,,-3.0,Medium,False,None,Medium,42.2,Completed 3 day(s) ahead of schedule,Suresh Kumar,40
T-1934,PRJ036,PRJ-INT,Closed,Painting and Finishes,Basement,06/03/2024,06/13/2024,06/15/2024,2.0,High,True,Material Delay,High,87.5,Delay of 2 day(s) associated with material delay,Meena Pillai,30
T-1935,PRJ048,PRJ-ARC,Closed,Curtain Wall Installation,Lobby,12/28/2025,01/19/2026,01/16/2026,-3.0,High,False,None,Medium,124.9,Completed 3 day(s) ahead of schedule,Arjun Desai,40
T-1936,PRJ049,PRJ-INT,In Progress,HVAC Installation,North Wing,06/28/2025,07/14/2025,,-2.0,Low,False,None,Low,84.5,Completed 2 day(s) ahead of schedule,Lakshmi Iyer,40
T-1937,PRJ082,PRJ-SITE,In Progress,Site Preparation,North Wing,03/19/2024,03/31/2024,,0.0,High,False,None,Medium,91.9,Completed on schedule,Rajan Mehta,40
T-1938,PRJ027,PRJ-ARC,Open,Site Preparation,Roof,01/05/2024,01/26/2024,,1.0,Low,False,Approval Delay,Medium,75.5,Delay of 1 day(s) associated with approval delay,Asha Verma,40
T-1939,PRJ040,PRJ-INT,Open,Flooring Work,Mechanical,07/17/2024,08/05/2024,,-3.0,High,False,None,Low,44.2,Completed 3 day(s) ahead of schedule,Dev Kapoor,40
T-1940,PRJ004,PRJ-INT,Open,Underground Utilities,Roof,01/12/2024,01/23/2024,,2.0,Low,False,Equipment Failure,Low,60.3,Delay of 2 day(s) associated with equipment failure,Priya Nair,40
T-1941,PRJ035,PRJ-SITE,On Hold,Structural Installation,South Facade,09/18/2024,09/27/2024,,2.0,Medium,False,Weather Delay,Low,38.6,Delay of 2 day(s) associated with weather delay,Suresh Kumar,40
T-1942,PRJ009,PRJ-MEP,Open,HVAC Installation,South Facade,12/28/2025,01/25/2026,,1.0,High,False,Approval Delay,Medium,36.6,Delay of 1 day(s) associated with approval delay,Meena Pillai,30
T-1943,PRJ059,PRJ-SITE,Closed,Structural Installation,Lobby,12/15/2024,12/22/2024,12/28/2024,6.0,Low,True,Material Delay,Medium,87.1,Delay of 6 day(s) associated with material delay,Arjun Desai,40
T-1944,PRJ090,PRJ-INT,Open,Plumbing Work,Mechanical,01/18/2024,02/16/2024,,-2.0,Medium,False,None,Low,41.3,Completed 2 day(s) ahead of schedule,Lakshmi Iyer,40
T-1945,PRJ047,PRJ-STR,In Progress,Structural Installation,Basement,12/26/2024,01/11/2025,,5.0,Medium,False,Material Delay,High,84.6,Delay of 5 day(s) associated with material delay,Rajan Mehta,40
T-1946,PRJ092,PRJ-SITE,In Progress,Flooring Work,North Wing,06/08/2024,07/08/2024,,6.0,Low,False,Crane Breakdown,High,35.9,Delay of 6 day(s) associated with crane breakdown,Asha Verma,40
T-1947,PRJ098,PRJ-INT,In Progress,Site Preparation,North Wing,09/17/2025,09/29/2025,,3.0,Medium,False,Site Constraint,Low,83.9,Delay of 3 day(s) associated with site constraint,Dev Kapoor,40
T-1948,PRJ006,PRJ-SITE,Closed,Curtain Wall Installation,Basement,03/07/2024,03/25/2024,03/28/2024,3.0,High,True,Approval Delay,High,60.3,Delay of 3 day(s) associated with approval delay,Priya Nair,40
T-1949,PRJ052,PRJ-ARC,On Hold,Flooring Work,Mechanical,07/16/2025,08/05/2025,,-2.0,High,False,None,Low,117.2,Completed 2 day(s) ahead of schedule,Suresh Kumar,40
T-1950,PRJ053,PRJ-INT,Closed,Concrete Work,North Wing,11/21/2024,12/03/2024,12/04/2024,1.0,Medium,True,Design Revision,High,84.7,Delay of 1 day(s) associated with design revision,Meena Pillai,30
T-1951,PRJ039,PRJ-ARC,Open,Underground Utilities,Mechanical,01/14/2024,01/23/2024,,4.0,Medium,False,Labor Shortage,High,112.1,Delay of 4 day(s) associated with labor shortage,Arjun Desai,40
T-1952,PRJ084,PRJ-STR,Closed,Underground Utilities,Roof,05/06/2025,05/23/2025,05/22/2025,-1.0,Low,False,None,Low,52.3,Completed 1 day(s) ahead of schedule,Lakshmi Iyer,40
T-1953,PRJ040,PRJ-INT,Open,HVAC Installation,South Facade,11/28/2024,12/19/2024,,1.0,Low,False,Approval Delay,Medium,76.7,Delay of 1 day(s) associated with approval delay,Rajan Mehta,40
T-1954,PRJ006,PRJ-INT,On Hold,Underground Utilities,Roof,07/17/2025,07/27/2025,,10.0,Low,False,Labor Shortage,High,45.6,Delay of 10 day(s) associated with labor shortage,Asha Verma,40
T-1955,PRJ055,PRJ-ARC,In Progress,Concrete Work,North Wing,03/27/2025,04/20/2025,,7.0,High,False,Design Revision,High,62.6,Delay of 7 day(s) associated with design revision,Dev Kapoor,40
T-1956,PRJ021,PRJ-MEP,In Progress,Flooring Work,Roof,07/28/2025,08/17/2025,,7.0,High,False,Site Constraint,High,67.1,Delay of 7 day(s) associated with site constraint,Priya Nair,40
T-1957,PRJ036,PRJ-ARC,Open,HVAC Installation,Basement,12/02/2024,12/09/2024,,2.0,High,False,Weather Delay,Medium,53.2,Delay of 2 day(s) associated with weather delay,Suresh Kumar,40
T-1958,PRJ051,PRJ-MEP,Open,Electrical Installation,Roof,01/06/2024,02/04/2024,,-7.0,Medium,False,None,Low,38.5,Completed 7 day(s) ahead of schedule,Meena Pillai,30
T-1959,PRJ073,PRJ-ARC,Open,Plumbing Work,Mechanical,04/05/2024,04/09/2024,,3.0,Medium,False,Weather Delay,High,32.6,Delay of 3 day(s) associated with weather delay,Arjun Desai,40
T-1960,PRJ028,PRJ-STR,On Hold,Structural Installation,West Yard,11/30/2024,12/21/2024,,-1.0,Medium,False,None,Medium,15.0,Completed 1 day(s) ahead of schedule,Lakshmi Iyer,40
T-1961,PRJ039,PRJ-ARC,Closed,Plumbing Work,South Facade,10/17/2024,11/01/2024,10/25/2024,-7.0,Medium,False,None,Medium,43.3,Completed 7 day(s) ahead of schedule,Rajan Mehta,40
T-1962,PRJ007,PRJ-STR,On Hold,HVAC Installation,Grid A5,08/02/2025,08/23/2025,,4.0,Medium,False,Weather Delay,Medium,93.8,Delay of 4 day(s) associated with weather delay,Asha Verma,40
T-1963,PRJ039,PRJ-STR,Open,HVAC Installation,West Yard,10/27/2024,11/20/2024,,3.0,Low,False,Site Constraint,Medium,27.0,Delay of 3 day(s) associated with site constraint,Dev Kapoor,40
T-1964,PRJ059,PRJ-ARC,In Progress,Underground Utilities,South Facade,09/19/2025,10/11/2025,,-1.0,Low,False,None,Low,34.0,Completed 1 day(s) ahead of schedule,Priya Nair,40
T-1965,PRJ062,PRJ-STR,In Progress,Electrical Installation,South Facade,05/17/2024,06/07/2024,,10.0,High,False,Labor Shortage,Medium,128.7,Delay of 10 day(s) associated with labor shortage,Suresh Kumar,40
T-1966,PRJ030,PRJ-ARC,In Progress,Site Preparation,Grid A5,10/07/2024,11/02/2024,,-2.0,Medium,False,None,Low,55.9,Completed 2 day(s) ahead of schedule,Meena Pillai,30
T-1967,PRJ007,PRJ-STR,In Progress,HVAC Installation,West Yard,07/06/2025,07/28/2025,,9.0,High,False,Equipment Failure,Medium,84.6,Delay of 9 day(s) associated with equipment failure,Arjun Desai,40
T-1968,PRJ058,PRJ-STR,In Progress,HVAC Installation,West Yard,03/31/2024,04/25/2024,,7.0,Low,False,Site Constraint,High,94.3,Delay of 7 day(s) associated with site constraint,Lakshmi Iyer,40
T-1969,PRJ066,PRJ-SITE,In Progress,Curtain Wall Installation,Grid A5,08/22/2024,09/05/2024,,2.0,Medium,False,Site Constraint,Medium,94.9,Delay of 2 day(s) associated with site constraint,Rajan Mehta,40
T-1970,PRJ009,PRJ-STR,Open,Concrete Work,North Wing,07/02/2025,07/10/2025,,-5.0,Low,False,None,Medium,29.3,Completed 5 day(s) ahead of schedule,Asha Verma,40
T-1971,PRJ051,PRJ-SITE,In Progress,Site Preparation,Lobby,03/05/2025,03/14/2025,,2.0,Medium,False,Approval Delay,Low,68.1,Delay of 2 day(s) associated with approval delay,Dev Kapoor,40
T-1972,PRJ010,PRJ-INT,Closed,Underground Utilities,Lobby,07/21/2025,08/10/2025,08/10/2025,-0.0,Low,False,None,High,26.5,Completed on schedule,Priya Nair,40
T-1973,PRJ046,PRJ-ARC,Open,Flooring Work,South Facade,01/11/2025,01/28/2025,,2.0,Low,False,Site Constraint,Medium,148.4,Delay of 2 day(s) associated with site constraint,Suresh Kumar,40
T-1974,PRJ065,PRJ-SITE,On Hold,Site Preparation,South Facade,09/19/2025,09/24/2025,,2.0,High,False,Site Constraint,Low,27.2,Delay of 2 day(s) associated with site constraint,Meena Pillai,30
T-1975,PRJ072,PRJ-STR,In Progress,Concrete Work,Basement,10/02/2025,10/10/2025,,1.0,Medium,False,Site Constraint,Low,43.6,Delay of 1 day(s) associated with site constraint,Arjun Desai,40
T-1976,PRJ072,PRJ-INT,Closed,Flooring Work,Grid A5,12/12/2025,01/11/2026,01/10/2026,-1.0,Medium,False,None,Low,43.8,Completed 1 day(s) ahead of schedule,Lakshmi Iyer,40
T-1977,PRJ076,PRJ-MEP,Closed,Electrical Installation,Mechanical,03/30/2024,04/22/2024,04/18/2024,-4.0,Medium,False,None,Medium,30.1,Completed 4 day(s) ahead of schedule,Rajan Mehta,40
T-1978,PRJ025,PRJ-SITE,Closed,Site Preparation,North Wing,03/07/2025,03/31/2025,04/05/2025,5.0,Medium,True,Equipment Failure,High,115.6,Delay of 5 day(s) associated with equipment failure,Asha Verma,40
T-1979,PRJ085,PRJ-STR,Closed,HVAC Installation,Lobby,03/24/2024,04/01/2024,04/04/2024,3.0,Medium,True,Design Revision,Medium,147.7,Delay of 3 day(s) associated with design revision,Dev Kapoor,40
T-1980,PRJ035,PRJ-STR,Closed,Curtain Wall Installation,Basement,06/16/2024,06/20/2024,06/20/2024,-0.0,Low,False,None,Low,60.7,Completed on schedule,Priya Nair,40
T-1981,PRJ038,PRJ-INT,Closed,Plumbing Work,North Wing,08/07/2024,08/18/2024,08/23/2024,5.0,High,True,Crane Breakdown,High,35.4,Delay of 5 day(s) associated with crane breakdown,Suresh Kumar,40
T-1982,PRJ079,PRJ-INT,In Progress,Structural Installation,Basement,04/16/2025,05/12/2025,,-4.0,High,False,None,Low,15.0,Completed 4 day(s) ahead of schedule,Meena Pillai,30
T-1983,PRJ033,PRJ-INT,Open,Electrical Installation,Basement,11/10/2024,11/27/2024,,9.0,Medium,False,Approval Delay,High,67.7,Delay of 9 day(s) associated with approval delay,Arjun Desai,40
T-1984,PRJ008,PRJ-STR,Closed,Concrete Work,Grid A5,09/23/2025,10/17/2025,10/17/2025,-0.0,Medium,False,None,Low,65.5,Completed on schedule,Lakshmi Iyer,40
T-1985,PRJ072,PRJ-SITE,Open,Painting and Finishes,South Facade,08/05/2024,08/21/2024,,-1.0,Low,False,None,Medium,55.5,Completed 1 day(s) ahead of schedule,Rajan Mehta,40
T-1986,PRJ067,PRJ-ARC,Open,Concrete Work,North Wing,03/26/2025,04/11/2025,,5.0,High,False,Weather Delay,High,81.6,Delay of 5 day(s) associated with weather delay,Asha Verma,40
T-1987,PRJ059,PRJ-STR,Open,Underground Utilities,Grid A5,07/11/2025,07/30/2025,,4.0,Medium,False,Approval Delay,Low,86.9,Delay of 4 day(s) associated with approval delay,Dev Kapoor,40
T-1988,PRJ015,PRJ-MEP,In Progress,Concrete Work,South Facade,12/16/2025,01/14/2026,,9.0,Low,False,Site Constraint,Medium,84.7,Delay of 9 day(s) associated with site constraint,Priya Nair,40
T-1989,PRJ064,PRJ-ARC,Open,Flooring Work,North Wing,06/28/2024,07/13/2024,,7.0,Medium,False,Equipment Failure,High,65.5,Delay of 7 day(s) associated with equipment failure,Suresh Kumar,40
T-1990,PRJ020,PRJ-ARC,Closed,Painting and Finishes,Roof,06/19/2025,07/08/2025,07/03/2025,-5.0,High,False,None,Low,42.0,Completed 5 day(s) ahead of schedule,Meena Pillai,30
T-1991,PRJ056,PRJ-SITE,Closed,Plumbing Work,South Facade,03/02/2024,03/30/2024,03/28/2024,-2.0,Medium,False,None,Low,95.0,Completed 2 day(s) ahead of schedule,Arjun Desai,40
T-1992,PRJ051,PRJ-ARC,Closed,Structural Installation,Roof,01/31/2025,02/13/2025,02/14/2025,1.0,High,True,Approval Delay,Medium,75.4,Delay of 1 day(s) associated with approval delay,Lakshmi Iyer,40
T-1993,PRJ078,PRJ-ARC,In Progress,HVAC Installation,North Wing,10/29/2024,11/24/2024,,5.0,High,False,Weather Delay,Low,101.7,Delay of 5 day(s) associated with weather delay,Rajan Mehta,40
T-1994,PRJ098,PRJ-STR,In Progress,Concrete Work,Grid A5,11/30/2025,12/17/2025,,2.0,Low,False,Material Delay,Low,98.7,Delay of 2 day(s) associated with material delay,Asha Verma,40
T-1995,PRJ020,PRJ-STR,In Progress,Concrete Work,Mechanical,07/18/2025,08/14/2025,,-0.0,High,False,None,Medium,32.3,Completed on schedule,Dev Kapoor,40
T-1996,PRJ012,PRJ-ARC,In Progress,Structural Installation,Basement,11/07/2025,11/23/2025,,-1.0,Medium,False,None,Medium,32.0,Completed 1 day(s) ahead of schedule,Priya Nair,40
T-1997,PRJ056,PRJ-SITE,Closed,Curtain Wall Installation,Grid A5,09/12/2025,10/02/2025,09/27/2025,-5.0,Medium,False,None,Low,52.3,Completed 5 day(s) ahead of schedule,Suresh Kumar,40
T-1998,PRJ096,PRJ-INT,Open,Structural Installation,Grid A5,10/26/2024,11/07/2024,,-4.0,Low,False,None,Low,43.3,Completed 4 day(s) ahead of schedule,Meena Pillai,30
T-1999,PRJ016,PRJ-ARC,On Hold,HVAC Installation,Mechanical,06/19/2025,07/09/2025,,8.0,High,False,Site Constraint,High,97.7,Delay of 8 day(s) associated with site constraint,Arjun Desai,40
T-2000,PRJ049,PRJ-INT,Open,Site Preparation,Basement,01/23/2024,02/04/2024,,6.0,Medium,False,Approval Delay,Medium,85.5,Delay of 6 day(s) associated with approval delay,Lakshmi Iyer,40
